ProteinGroup,Accession,Uniprot,Description,Amino Acid Sequence,SequenceLength,MolecularWeight,Aromaticity,InstabilityIndex,Stability,Count_A,Percent_A,Count_C,Percent_C,Count_D,Percent_D,Count_E,Percent_E,Count_F,Percent_F,Count_G,Percent_G,Count_H,Percent_H,Count_I,Percent_I,Count_K,Percent_K,Count_L,Percent_L,Count_M,Percent_M,Count_N,Percent_N,Count_P,Percent_P,Count_Q,Percent_Q,Count_R,Percent_R,Count_S,Percent_S,Count_T,Percent_T,Count_V,Percent_V,Count_W,Percent_W,Count_Y,Percent_Y,HydrophobicCount,HydrophobicPercent,PolarCount,PolarPercent,ChargedCount,ChargedPercent,PositiveCount,PositivePercent,NegativeCount,NegativePercent,Helix,Turn,Sheet,AverageFlexibility,MaxFlexibility,MinFlexibility,Gravy,IsoelectricPoint,ChargeAtpH7.4,ExtinctionCoefficient_Cystines,ExtinctionCoefficient_Reduced,Motif_NXS/T,Motif_RGD,Motif_KDEL,Motif_NLS,Motif_Phospho_S/T,PotentialDisulfideBonds,EstimatedClass,PotentialTMRegions,ComplexityScore
1,Q41358,SNAIB_SAMNI,Ribosome-inactivating protein SNAI,MRLVAKLLYLAVLAICGLGIHGALTHPRVTPPVYPSVSFNLTGADTYEPFLRALQEKVILGNHTAFDLPVLNPESQVSDSNRFVLVPLTNPSGDTVTLAIDVVNLYVVAFSSNGKSYFFSGSTAVQRDNLFVDTTQEELNFTGNYTSLERQVGFGRVYIPLGPKSLDQAISSLRTYTLTAGDTKPLARGLLVVIQMVSEAARFRYIELRIRTSITDASEFTPDLLMLSMENNWSSMSSEIQQAQPGGIFAGVVQLRDERNNSIEVTNFRRLFELTYIAVLLYGCAPVTSSSYSNNAIDAQIIKMPVFRGGEYEKVCSVVEVTRRISGWDGLCVDVRYGHYIDGNPVQLRPCGNECNQLWTFRTDGTIRWLGKCLTASSSVMIYDCNTVPPEATKWVVSIDGTITNPHSGLVLTAPQAAEGTALSLENNIHAARQGWTVGDVEPLVTFIVGYKQMCLRENGENNFVWLEDCVLNRVQQEWALYGDGTIRVNSNRSLCVTSEDHEPSDLIVILKCEGSGNQRWVFNTNGTISNPNAKLLMDVAQRDVSLRKIILYRPTGNPNQQWITTTHPA,570,63100.9796,0.08596491228070174,30.327543859649115,Stable,34,5.964912280701754,12,2.1052631578947367,26,4.56140350877193,29,5.087719298245614,20,3.508771929824561,40,7.017543859649122,8,1.4035087719298245,32,5.614035087719298,13,2.280701754385965,57,10.0,9,1.5789473684210527,37,6.491228070175438,28,4.912280701754386,23,4.035087719298246,33,5.7894736842105265,43,7.5438596491228065,44,7.719298245614035,53,9.298245614035087,10,1.7543859649122806,19,3.3333333333333335,234,41.05263157894737,159,27.89473684210526,109,19.12280701754386,54,9.473684210526317,55,9.649122807017543,0.24912280701754386,0.30526315789473685,0.41228070175438597,0.9948818860877684,1.0707619047619048,0.9365476190476191,-0.0692982456140351,5.523920249938963,-9.753037610209049,83310,84060,8,0,0,0,8,6,Mixed,0,326.140350877193
2,P22972,LEC1_ULEEU,Anti-H(O) lectin 1,SDDLSFKFKNFSQNGKDLSFQGDASVIETGVLQLNKVGNNLPDETGGIARYIAPIHIWNCNTGEVASFITSFSFFMETSANPKAATDGLTFFLAPPDSPLRRAGGYFGLFEDTKDNDSSYQTVAVEFDTIGSPVNFDDPGFPHIGIDVNRVKSINAERWNKRYGLNNVANVEIIYEASSKTLTASLTYPSDQTSISVTSIVDLKEILPEWVSVGFSGGTYIGRQATHEVLNWYFTSNLINTNS,243,26669.1822,0.11934156378600824,33.73168724279836,Stable,15,6.172839506172839,1,0.411522633744856,16,6.584362139917696,12,4.938271604938271,17,6.995884773662551,19,7.818930041152264,3,1.2345679012345678,17,6.995884773662551,10,4.11522633744856,16,6.584362139917696,1,0.411522633744856,20,8.23045267489712,11,4.526748971193416,6,2.4691358024691357,7,2.880658436213992,25,10.2880658436214,19,7.818930041152264,16,6.584362139917696,4,1.646090534979424,8,3.292181069958848,94,38.68312757201646,71,29.218106995884774,48,19.753086419753085,20,8.23045267489712,28,11.522633744855968,0.2222222222222222,0.37448559670781895,0.3991769547325103,1.0006974969474969,1.0620833333333333,0.9383571428571429,-0.23909465020576132,4.633764839172363,-11.686079349533028,33920,33920,2,0,0,0,6,0,Mixed,0,242.13991769547323
4,A8WDZ4,A8WDZ4_CANEN,Concanavalin A,MAISKKSSLFLPIFTFITMFLMVVNKVSSSTHETNALHFMFNQFSKDQKDLILQGDATTGTDGNLELTRVSSNGSPQGSSVGRALFYAPVHIWESSAVVASFEATFTFLIKSPDSHPADGIAFFISNIDSSIPSGSTGRLLGLFPDANVIRNSTTIDFNAAYNADTIVAVELDTYPNTDIGDPSYPHIGIDIKSVRSKKTAKWNMQNGKVGTAHIIYNSVDKRLSAVVSYPNADSATVSYDVDLDNVLPEWVRVGLSASTGLYKETNTILSWSFTSKLKSNEIPDIATVV,290,31480.050000000003,0.09655172413793105,31.053482758620692,Stable,22,7.586206896551724,0,0.0,20,6.896551724137931,8,2.7586206896551726,16,5.517241379310345,16,5.517241379310345,6,2.0689655172413794,22,7.586206896551724,15,5.172413793103448,21,7.241379310344828,5,1.7241379310344827,18,6.206896551724138,13,4.482758620689655,5,1.7241379310344827,7,2.413793103448276,37,12.758620689655173,24,8.275862068965518,23,7.931034482758621,4,1.3793103448275863,8,2.7586206896551726,121,41.724137931034484,84,28.965517241379313,56,19.310344827586206,28,9.655172413793103,28,9.655172413793103,0.24482758620689654,0.3586206896551724,0.4068965517241379,0.9995898152855449,1.0661309523809526,0.9369761904761905,-0.020689655172413807,5.469297981262207,-6.535261558550594,33920,33920,2,0,0,0,7,0,Mixed,0,250.17241379310343
6,P09382,LEG1_HUMAN,Galectin-1,MACGLVASNLNLKPGECLRVRGEVAPDAKSFVLNLGKDSNNLCLHFNPRFNAHGDANTIVCNSKDGGAWGTEQREAVFPFQPGSVAEVCITFDQANLTVKLPDGYEFKFPNRLNLEAINYMAADGDFKIKCVAFD,135,14715.545499999998,0.0962962962962963,24.134814814814792,Stable,14,10.37037037037037,6,4.444444444444445,9,6.666666666666667,7,5.185185185185185,10,7.4074074074074066,11,8.148148148148149,2,1.4814814814814816,4,2.9629629629629632,8,5.9259259259259265,12,8.88888888888889,2,1.4814814814814816,13,9.62962962962963,7,5.185185185185185,3,2.2222222222222223,5,3.7037037037037033,5,3.7037037037037033,4,2.9629629629629632,10,7.4074074074074066,1,0.7407407407407408,2,1.4814814814814816,55,40.74074074074074,31,22.962962962962962,31,22.962962962962962,15,11.11111111111111,16,11.851851851851853,0.31851851851851853,0.3333333333333333,0.31851851851851853,1.001435090702948,1.0539880952380953,0.9509523809523811,-0.15111111111111114,5.334987449645996,-3.8009273627681743,8480,8855,1,0,0,0,0,3,Alpha/Beta,0,173.7037037037037
7,P16045,LEG1_MOUSE,Galectin-1,MACGLVASNLNLKPGECLKVRGEVASDAKSFVLNLGKDSNNLCLHFNPRFNAHGDANTIVCNTKEDGTWGTEHREPAFPFQPGSITEVCITFDQADLTIKLPDGHEFKFPNRLNMEAINYMAADGDFKIKCVAFE,135,14865.698900000001,0.08888888888888888,20.87629629629629,Stable,12,8.88888888888889,6,4.444444444444445,9,6.666666666666667,9,6.666666666666667,10,7.4074074074074066,10,7.4074074074074066,4,2.9629629629629632,6,4.444444444444445,9,6.666666666666667,11,8.148148148148149,3,2.2222222222222223,12,8.88888888888889,7,5.185185185185185,2,1.4814814814814816,4,2.9629629629629632,5,3.7037037037037033,7,5.185185185185185,7,5.185185185185185,1,0.7407407407407408,1,0.7407407407407408,51,37.77777777777778,32,23.703703703703706,35,25.925925925925924,17,12.592592592592592,18,13.333333333333334,0.32592592592592595,0.31851851851851853,0.31851851851851853,1.0031176303854874,1.0539880952380953,0.9509523809523811,-0.2644444444444445,5.32009563446045,-5.724584664938384,6990,7365,0,0,0,0,0,3,Alpha/Beta,0,164.44444444444446
8,P18891,LECF_ALEAU,Fucose-specific lectin,MPTEFLYTSKIAAISWAATGGRQQRVYFQDLNGKIREAQRGGDNPWTGGSSQNVIGEAKLFSPLAAVTWKSAQGIQIRVYCVNKDNILSEFVYDGSKWITGQLGSVGVKVGSNSKLAALQWGGSESAPPNIRVYYQKSNGSGSSIHEYVWSGKWTAGASFGSTVPGTGIGATAIGPGRLRIYYQATDNKIREHCWDSNSWYVGGFSASASAGVSIAAISWGSTPNIRVYWQKGREELYEAAYGGSWNTPGQIKDASRPTPSLPDTFIAANSSGNIDISVFFQASGVSLQQWQWISGKGWSIGAVVPTGTPAGW,313,33528.9117,0.12140575079872204,28.44376996805111,Stable,30,9.584664536741213,2,0.6389776357827476,9,2.8753993610223643,10,3.1948881789137378,9,2.8753993610223643,41,13.099041533546327,2,0.6389776357827476,23,7.348242811501597,14,4.472843450479233,12,3.8338658146964857,1,0.3194888178913738,14,4.472843450479233,14,4.472843450479233,17,5.431309904153355,12,3.8338658146964857,38,12.140575079872203,17,5.431309904153355,19,6.070287539936102,16,5.111821086261981,13,4.15335463258786,123,39.29712460063898,88,28.115015974440894,47,15.015974440894569,28,8.945686900958465,19,6.070287539936102,0.21405750798722045,0.3706070287539936,0.3482428115015974,1.0009099702380952,1.0575238095238095,0.9451071428571428,-0.2792332268370607,9.316213417053223,6.256408175983172,107370,107495,2,0,0,0,5,1,Mixed,0,226.2300319488818
9,P18674,LECA_MACPO,Agglutinin alpha chain,GVTFDDGAYTGIREINFEYNSETAIGGLRVTYDLNGMPFVAEDHKSFITGFKPVKISLEFPSEYIVEVSGYVGKVEGYTVIRSLTFKTNKQTYGPYGVTNGTPFSLPIENGLIVGFKGSIGYWLDYFSIYLSL,133,14757.480599999999,0.16541353383458646,21.107518796992466,Stable,3,2.2556390977443606,0,0.0,5,3.7593984962406015,9,6.7669172932330826,10,7.518796992481203,17,12.781954887218044,1,0.7518796992481203,11,8.270676691729323,7,5.263157894736842,9,6.7669172932330826,1,0.7518796992481203,6,4.511278195488721,6,4.511278195488721,1,0.7518796992481203,3,2.2556390977443606,10,7.518796992481203,11,8.270676691729323,11,8.270676691729323,1,0.7518796992481203,11,8.270676691729323,57,42.857142857142854,28,21.052631578947366,25,18.796992481203006,11,8.270676691729323,14,10.526315789473683,0.21804511278195488,0.3308270676691729,0.48120300751879697,0.9973280529953917,1.0472261904761906,0.939797619047619,0.003007518796992464,4.889028739929199,-4.438777444734642,21890,21890,1,0,0,0,1,0,Beta-rich,0,184.9248120300752
10,P10968,AGI1_WHEAT,Agglutinin isolectin 1,MKMMSTRALALGAAAVLAFAAATAQAQRCGEQGSNMECPNNLCCSQYGYCGMGGDYCGKGCQNGACWTSKRCGSQAGGATCTNNQCCSQYGYCGFGAEYCGAGCQGGPCRADIKCGSQAGGKLCPNNLCCSQWGFCGLGSEFCGGGCQSGACSTDKPCGKDAGGRVCTNNYCCSKWGSCGIGPGYCGAGCQSGGCDGVFAEAITANSTLLQE,212,21238.7967,0.07547169811320754,30.75424528301885,Stable,24,11.320754716981133,32,15.09433962264151,5,2.358490566037736,6,2.8301886792452833,5,2.358490566037736,42,19.81132075471698,0,0.0,3,1.4150943396226416,8,3.7735849056603774,9,4.245283018867925,5,2.358490566037736,11,5.188679245283019,5,2.358490566037736,14,6.60377358490566,5,2.358490566037736,15,7.0754716981132075,9,4.245283018867925,3,1.4150943396226416,3,1.4150943396226416,8,3.7735849056603774,60,28.30188679245283,81,38.20754716981132,24,11.320754716981133,13,6.132075471698113,11,5.188679245283019,0.24528301886792453,0.36792452830188677,0.18867924528301888,0.995249061693643,1.053,0.9439880952380952,-0.13632075471698113,7.574500465393067,0.4716151203720571,28420,30420,1,0,0,0,5,16,Mixed,0,198.39622641509433
13,P17931,LEG3_HUMAN,Galectin-3,MADNFSLHDALSGSGNPNPQGWPGAWGNQPAGAGGYPGASYPGAYPGQAPPGAYPGQAPPGAYPGAPGAYPGAPAPGVYPGPPSGPGAYPSSGQPSATGAYPATGPYGAPAGPLIVPYNLPLPGGVVPRMLITILGTVKPNANRIALDFQRGNDVAFHFNPRFNENNRRVIVCNTKLDNNWGREERQSVFPFESGKPFKIQVLVEPDHFKVAVNDAHLLQYNHRVKKLNEISKLGISGDIDLTSASYTMI,250,26151.9963,0.1,28.670399999999997,Stable,27,10.8,1,0.4,9,3.5999999999999996,6,2.4,9,3.5999999999999996,34,13.600000000000001,5,2.0,10,4.0,8,3.2,15,6.0,3,1.2,18,7.199999999999999,36,14.399999999999999,9,3.5999999999999996,9,3.5999999999999996,14,5.6000000000000005,7,2.8000000000000003,14,5.6000000000000005,3,1.2,13,5.2,94,37.6,49,19.6,37,14.799999999999999,22,8.799999999999999,15,6.0,0.23600000000000002,0.44400000000000006,0.284,1.0054749061450305,1.0523809523809524,0.946845238095238,-0.39520000000000005,8.575922966003418,1.401416734006105,35870,35870,1,0,0,0,0,0,Mixed,0,162.0
16,Q71QF2,Q71QF2_AMACA,Agglutinin,MAGLPVIMCLKSNNNQKYLRYQSDNIQQYGLLQFSADKILDPLAQFEVEPSKTYDGLVHIKSRYTNKYLVRWSPNHYWITASANEPDENKSNWACTLFKPLYVEEGNMKKVRLLHVQLGHYTQNYTVGGSFVSYLFAESSQIDTGSKDVFHVIDWKSIFQFPKRYVTFKGNNGKYLGVITINQLPCLQFGYDNLNDPKVAHEMFVTSNGTICIKSTYMNKFWRLSTDDWILVDGNDPRETNEAAALFRSDVHDFNVISLLNMQKTWFIKRFTSGKPGFINCMNAATQNVDETAILEIIELGSNN,304,34929.2396,0.12828947368421054,32.77269736842106,Stable,14,4.605263157894736,5,1.644736842105263,17,5.592105263157895,13,4.276315789473684,17,5.592105263157895,17,5.592105263157895,7,2.302631578947368,19,6.25,21,6.907894736842106,26,8.552631578947368,7,2.302631578947368,27,8.881578947368421,11,3.618421052631579,14,4.605263157894736,9,2.9605263157894735,21,6.907894736842106,18,5.921052631578947,19,6.25,7,2.302631578947368,15,4.934210526315789,124,40.78947368421053,85,27.960526315789476,67,22.039473684210524,37,12.171052631578947,30,9.868421052631579,0.26644736842105265,0.305921052631579,0.3980263157894737,0.9978428571428571,1.0713214285714288,0.9444166666666667,-0.3625,7.037656211853027,-0.649510544033479,60850,61100,3,0,0,1,4,2,Mixed,0,246.44736842105263
17,P18670,LECA_ARTIN,Agglutinin alpha chain,GKAFDDGAFTGIREINLSYNKETAIGDFQVVYDLNGSPYVGQNHKSFITGFTPVKISLDFPSEYIMEVSGYTGNVSGYVVVRSLTFKTNKKTYGPYGVTSGTPFNLPIENGLIVGFKGSIGYWLDYFSMYLSL,133,14662.3645,0.16541353383458646,19.977443609022547,Stable,3,2.2556390977443606,0,0.0,6,4.511278195488721,5,3.7593984962406015,10,7.518796992481203,17,12.781954887218044,1,0.7518796992481203,9,6.7669172932330826,8,6.015037593984962,9,6.7669172932330826,2,1.5037593984962405,8,6.015037593984962,6,4.511278195488721,2,1.5037593984962405,2,1.5037593984962405,12,9.022556390977442,10,7.518796992481203,11,8.270676691729323,1,0.7518796992481203,11,8.270676691729323,56,42.10526315789473,32,24.06015037593985,22,16.541353383458645,11,8.270676691729323,11,8.270676691729323,0.20300751879699247,0.368421052631579,0.45864661654135336,0.9970298579109063,1.0481785714285716,0.9409880952380953,-0.05263157894736844,5.730700492858888,-1.4452944787729294,21890,21890,3,0,0,0,1,0,Beta-rich,0,201.16541353383457
19,B2ZRS9,CNL_CLINE,Ricin B-like lectin,MSITPGTYNITNVAYTNRLIDLTGSNPAENTLIIGHHLNKTPSGYGNQQWTLVQLPHTTIYTMQAVNPQSYVRVRDDNLVDGAALVGSQQPTPVSIESAGNSGQFRIKIPNLGLALTLPSDANSTPIVLGEVDETSTNQLWAFESVSAV,149,15992.653999999999,0.06040268456375839,23.057046979865763,Stable,10,6.7114093959731544,0,0.0,6,4.026845637583892,5,3.3557046979865772,2,1.342281879194631,11,7.38255033557047,3,2.013422818791946,10,6.7114093959731544,2,1.342281879194631,14,9.395973154362416,2,1.342281879194631,13,8.724832214765101,10,6.7114093959731544,9,6.0402684563758395,4,2.684563758389262,13,8.724832214765101,16,10.738255033557047,12,8.053691275167784,2,1.342281879194631,5,3.3557046979865772,57,38.25503355704698,51,34.22818791946309,20,13.422818791946309,9,6.0402684563758395,11,7.38255033557047,0.2214765100671141,0.35570469798657717,0.40939597315436244,0.9996956632653061,1.0534285714285714,0.9481071428571429,-0.1691275167785235,4.867373085021971,-5.614589105691644,18450,18450,3,0,0,0,1,0,Mixed,0,198.08724832214764
27,P30617,LEC_GALNI,Mannose-specific lectin,MAKASLLILAAIFLGVITPSCLSDNILYSGETLSTGEFLNYGSFVFIMQEDCNLVLYDVDKPIWATNTGGLSRSCFLSMQTDGNLVVYNPSNKPIWASNTGGQNGNYVCILQKDRNVVIYGTDRWATGTHTGLVGIPASPPSEKYPTAGKIKLVTAK,157,16917.1959,0.09554140127388534,28.83503184713374,Stable,10,6.369426751592357,4,2.547770700636943,7,4.45859872611465,4,2.547770700636943,5,3.1847133757961785,15,9.554140127388536,1,0.6369426751592357,11,7.006369426751593,8,5.095541401273886,16,10.191082802547772,3,1.910828025477707,11,7.006369426751593,8,5.095541401273886,4,2.547770700636943,3,1.910828025477707,13,8.280254777070063,13,8.280254777070063,11,7.006369426751593,3,1.910828025477707,7,4.45859872611465,66,42.038216560509554,45,28.662420382165603,23,14.64968152866242,12,7.643312101910828,11,7.006369426751593,0.2611464968152866,0.3439490445859873,0.42038216560509556,0.9945374034749035,1.0574999999999999,0.9413452380952382,0.0968152866242038,6.53531322479248,-0.8065493581348342,26930,27180,0,0,0,0,3,2,Mixed,0,198.15286624203821
28,B3SV73,B3SV73_EUOEU,Lectin 1,MASTIIATGPTYRVYCRAAPNYNMTVGKGVAFLAPIDETNELQYWYKDDTYSYIKDEAGLPAFSLVNKATGLTLKHSNHHPVPVKLVTYNPNVVDESVLWSQADDRGDGYSAIRSLTNPASHLEAAPLNDWSYNGAIIMGGVWIDAYNQQWKIEPHTG,158,17508.3689,0.11392405063291139,20.12784810126582,Stable,16,10.126582278481013,1,0.6329113924050633,10,6.329113924050633,6,3.79746835443038,2,1.2658227848101267,11,6.962025316455696,5,3.1645569620253164,9,5.69620253164557,7,4.430379746835443,11,6.962025316455696,3,1.89873417721519,11,6.962025316455696,10,6.329113924050633,4,2.5316455696202533,4,2.5316455696202533,10,6.329113924050633,11,6.962025316455696,11,6.962025316455696,5,3.1645569620253164,11,6.962025316455696,68,43.037974683544306,37,23.417721518987342,32,20.253164556962027,16,10.126582278481013,16,10.126582278481013,0.2721518987341772,0.3291139240506329,0.37974683544303794,0.9977464046021093,1.0474404761904763,0.9506190476190475,-0.33924050632911396,5.395293617248535,-5.590494412670163,43890,43890,1,1,0,0,3,0,Mixed,0,215.18987341772151
30,P05045,LEC1_VIGUC,Seed lectin subunit I,MASSTVSVVLSLFLLLLTQANSANIQSFSFKNFNSPSFILQGDATVSSGKLQLTKVKENGIPTPSSLGRAFYSSPIQIYDKSTGAVASWATSFTVKISAPSKASFADGIAFALVPVGSEPRRNGGYLGVFDSDVYNNSAQTVAVEFDTFSNSGWDPSMKHIGIDVNSIKSIATVSWDLANGENAEILITYNAATSLLVASLVHPSRRTSYILSERVDITNELPEYVSVGFSATTGLSEGYIETHDVLSWSFASKLPDDSTAEPLDLASYLVRNVL,275,29405.552399999997,0.09818181818181819,38.29930909090909,Stable,25,9.090909090909092,0,0.0,14,5.090909090909091,11,4.0,14,5.090909090909091,16,5.818181818181818,3,1.090909090909091,16,5.818181818181818,10,3.6363636363636362,26,9.454545454545455,2,0.7272727272727273,15,5.454545454545454,12,4.363636363636364,6,2.181818181818182,7,2.5454545454545454,43,15.636363636363637,19,6.909090909090909,23,8.363636363636363,4,1.4545454545454546,9,3.272727272727273,119,43.27272727272727,83,30.181818181818183,45,16.363636363636363,20,7.2727272727272725,25,9.090909090909092,0.2690909090909091,0.36363636363636365,0.4036363636363636,0.9995066237021125,1.063654761904762,0.9370952380952382,0.09345454545454544,4.837589454650878,-8.634435133520089,35410,35410,1,0,0,0,1,0,Mixed,0,182.27272727272725
33,Q2F1K8,Q2F1K8_HELPO,Agglutinin,MQAFYSGLLLLCVVAFAAAQRVQSGKIDCGNDAGWAKVPSDDPGRDNTRELAKNITFASPYCRPPVVLLSITQLDVEQSQNLRVIARLYSVSPTGFKASCYTWHNTKVYSMSISWISIENY,121,13426.188600000001,0.10743801652892562,46.8794214876033,Unstable,11,9.090909090909092,4,3.3057851239669422,6,4.958677685950414,3,2.479338842975207,4,3.3057851239669422,6,4.958677685950414,1,0.8264462809917356,7,5.785123966942149,5,4.132231404958678,10,8.264462809917356,2,1.6528925619834711,6,4.958677685950414,6,4.958677685950414,6,4.958677685950414,6,4.958677685950414,13,10.743801652892563,6,4.958677685950414,10,8.264462809917356,3,2.479338842975207,6,4.958677685950414,53,43.80165289256198,35,28.92561983471074,21,17.355371900826448,12,9.917355371900827,9,7.43801652892562,0.256198347107438,0.30578512396694213,0.3801652892561983,0.9942114158163265,1.048857142857143,0.9310833333333333,-0.033057851239669436,8.385483360290529,1.2018304127393389,25440,25690,1,0,0,0,6,2,Mixed,0,233.63636363636363
34,P29257,LEC2_CYTSC,2-acetamido-2-deoxy-D-galactose-binding seed lectin 2,SEELSFSFTKFKTDQKNLILQRDALITPTGKLQLTTVENGKPAAYSLGRALYSTPIHIWDKSTGDEASFATFFSFVISDAPNPSTAATDGLAFFLAPADTQPQSAGGYLGLFEKDSSYNSSNQIVAVEFDTYYNSAWDPQTNPHIGIDVNTIKSKKVSSWGFKNGNVATVLITYQPSSKSLVASLVYPSGQTSDKTSYIISANVDLKATVPEWVRIGFSATTGQTDNYIETHDILSWSFKSKLPATKN,248,27027.7322,0.11693548387096775,27.33064516129032,Stable,21,8.46774193548387,0,0.0,15,6.048387096774194,8,3.225806451612903,14,5.64516129032258,14,5.64516129032258,3,1.2096774193548387,15,6.048387096774194,17,6.854838709677419,18,7.258064516129033,0,0.0,13,5.241935483870968,13,5.241935483870968,10,4.032258064516129,3,1.2096774193548387,31,12.5,25,10.080645161290322,13,5.241935483870968,5,2.0161290322580645,10,4.032258064516129,96,38.70967741935484,79,31.85483870967742,46,18.548387096774192,23,9.274193548387096,23,9.274193548387096,0.25806451612903225,0.3467741935483871,0.4032258064516129,1.0024775851763301,1.0567857142857144,0.9342619047619048,-0.27862903225806457,5.605711555480957,-3.6889553709691505,42400,42400,1,0,0,0,3,0,Mixed,0,196.1290322580645
36,P02870,LEC_LENCU,Lectin,MASLQTQMISFYLIFLSILLTTIFFFKVNSTETTSFSITKFSPDQKNLIFQGDGYTTKGKLTLTKAVKSTVGRALYSTPIHIWDRDTGNVANFVTSFTFVIDAPSSYNVADEFTFFIAPVDTKPQTGGGYLGVFNSKEYDKTSQTVAVEFDTFYNAAWDPSNKERHIGIDVNSIKSVNTKSWNLQNGERANVVIAFNAATNVLTVTLTYPNSLEEENVTSYTLNEVVPLKDVVPEWVRIGFSATTGAEFAAHEVHSWSFHSELGGTSSSKQAADA,275,30351.528799999996,0.1272727272727273,26.49534545454545,Stable,21,7.636363636363637,0,0.0,13,4.7272727272727275,14,5.090909090909091,21,7.636363636363637,15,5.454545454545454,5,1.8181818181818181,15,5.454545454545454,15,5.454545454545454,17,6.181818181818182,2,0.7272727272727273,18,6.545454545454546,9,3.272727272727273,8,2.909090909090909,5,1.8181818181818181,27,9.818181818181818,32,11.636363636363637,24,8.727272727272728,5,1.8181818181818181,9,3.272727272727273,114,41.45454545454545,85,30.909090909090907,52,18.90909090909091,25,9.090909090909092,27,9.818181818181818,0.2509090909090909,0.2981818181818182,0.44727272727272727,0.9980494092373792,1.0703690476190477,0.9321428571428573,-0.10836363636363638,5.236485481262206,-7.570744179373147,40910,40910,2,0,0,0,2,0,Mixed,0,204.8181818181818
38,G9M5T0,G9M5T0_SOLLC,Lectin,MKETLIISVLCVVTLQYLFLVSADRLSLPHNETFGMPLSSPPPHEPSPPPPYPRCGMGGGDGKCKSNACCSIWSWCGTTESFCAPQNCQSQCPHTPSPPPPSPPPPSPSPPPPSPPPPSPSPPPPTPSPPPPAPSPPPPSPPPPSPSPPPPSPPPPSPSPPPPTPSPPPPSPSPQPPTPSPPPPAPSPPPPYPRCGMGGGGGKCKSNECCSIWSWCGTTESYCAPQNCQSQCPHTPSPSPPPTPPPPYPRCGMGGGGGKCKSNECCSIWSWCGTTESYCAPQNCQSQCPHTPSPSPPPTPPPPYPRCGMGGGGGKCKSNECCSIWSWCGTTESYCAPQNCQSQCKKNIISSVMNPMNVTYGIESF,365,37769.6443,0.057534246575342465,116.87424657534292,Unstable,8,2.191780821917808,33,9.04109589041096,2,0.547945205479452,11,3.0136986301369864,4,1.095890410958904,29,7.9452054794520555,5,1.36986301369863,9,2.4657534246575343,11,3.0136986301369864,8,2.191780821917808,8,2.191780821917808,12,3.287671232876712,110,30.136986301369863,14,3.8356164383561646,5,1.36986301369863,53,14.520547945205479,20,5.47945205479452,6,1.643835616438356,8,2.191780821917808,9,2.4657534246575343,60,16.43835616438356,132,36.16438356164384,34,9.315068493150685,21,5.7534246575342465,13,3.5616438356164384,0.12602739726027398,0.5643835616438356,0.17534246575342466,1.0137123796147673,1.072702380952381,0.9317738095238096,-0.7161643835616439,7.825962257385255,1.6223934536103215,57410,59410,2,0,0,0,4,16,Mixed,0,190.13698630136986
39,C0HM45,LEC_NARPS,Mannose-specific lectin,DNILYSGETLSPGEFLNNGRYVFIMQEDCNLVLYDVDKPIWATNTGGLDRRCHLSMQSDGNLVVYSPRNNPIWASNTGGENGNYVCVLQKDRNVVIYGTARWATGTNIH,109,12199.4499,0.10091743119266054,31.525688073394488,Stable,4,3.669724770642202,3,2.7522935779816518,7,6.422018348623854,4,3.669724770642202,2,1.834862385321101,11,10.091743119266056,2,1.834862385321101,6,5.5045871559633035,2,1.834862385321101,9,8.256880733944955,2,1.834862385321101,13,11.926605504587156,4,3.669724770642202,3,2.7522935779816518,6,5.5045871559633035,6,5.5045871559633035,7,6.422018348623854,9,8.256880733944955,3,2.7522935779816518,6,5.5045871559633035,41,37.61467889908257,32,29.357798165137616,21,19.26605504587156,10,9.174311926605505,11,10.091743119266056,0.1926605504587156,0.3761467889908257,0.38532110091743116,0.9965510714285715,1.0536666666666665,0.9545595238095239,-0.4,5.130708122253417,-3.4553913706260815,25440,25565,0,0,0,0,1,1,Mixed,0,167.79816513761466
40,D0VWW1,D0VWW1_LOTTE,Lectin,VSFNYTRFKDDGSLIFQGDAKIWTDGRLAMPTDPLVNRTTSHALYATPVPIWDSATGNVASFITSFSFIVSNVQRYPPTDGVVFFLAPWGTEIPPNSQGGYLGITDSSNSQNQFVAVEFDSHPNVWDPKSLRSSHIGIDVNSIMSLKAVNWNRVSGSLEKATIIYDSDTKILTVVMTHQNGQITTISQEIDLKTVLPEKVSVGFSATTWNPERERHDIYSWSFTSTLKEPEEQA,234,26010.6822,0.10683760683760685,34.38205128205127,Stable,12,5.128205128205128,0,0.0,15,6.41025641025641,10,4.273504273504273,12,5.128205128205128,13,5.555555555555555,5,2.1367521367521367,17,7.264957264957266,9,3.8461538461538463,13,5.555555555555555,3,1.282051282051282,13,5.555555555555555,14,5.982905982905983,9,3.8461538461538463,8,3.418803418803419,27,11.538461538461538,22,9.401709401709402,19,8.11965811965812,7,2.9914529914529915,6,2.564102564102564,89,38.034188034188034,71,30.34188034188034,47,20.085470085470085,22,9.401709401709402,25,10.683760683760683,0.20085470085470086,0.3504273504273504,0.41025641025641024,0.999661216931217,1.0556785714285715,0.9469999999999998,-0.27222222222222225,5.033570289611816,-8.313596937170306,47440,47440,2,0,0,0,3,0,Mixed,0,206.11111111111111
43,P05088,PHAE_PHAVU,Erythroagglutinating phytohemagglutinin,MASSNLLSLALFLVLLTHANSASQTSFSFQRFNETNLILQRDATVSSKGQLRLTNVNDNGEPTLSSLGRAFYSAPIQIWDNTTGAVAASPTSFTFNIDVPNNSGPADGLAFVLLPVGSQPKDKGGLLGLFNNYKYDSNAHTVAVEFDTLYNVHWDPKPRHIGIDVNSIKSIKTTTWDFVKGENAEVLITYDSSTKLLVASLVYPSLKTSFIVSDTVDLKSVLPEWVIVGFTATTGITKGNVETNDILSWSFASKLSDGTTSEALNLANFALNQIL,275,29746.084399999996,0.09454545454545454,21.938945454545443,Stable,21,7.636363636363637,0,0.0,16,5.818181818181818,8,2.909090909090909,15,5.454545454545454,16,5.818181818181818,4,1.4545454545454546,14,5.090909090909091,13,4.7272727272727275,33,12.0,1,0.36363636363636365,22,8.0,11,4.0,7,2.5454545454545454,5,1.8181818181818181,31,11.272727272727273,26,9.454545454545455,21,7.636363636363637,5,1.8181818181818181,6,2.181818181818182,116,42.18181818181818,86,31.272727272727273,46,16.727272727272727,22,8.0,24,8.727272727272728,0.27636363636363637,0.3490909090909091,0.43636363636363634,0.9986075904045828,1.0652857142857144,0.9375595238095239,0.027272727272727254,5.150488090515136,-6.6002277703868195,36440,36440,3,0,0,0,3,0,Mixed,0,226.27272727272725
47,B5A8N6,B5A8N6_PEA,Lectin,MASLQTQMISFYAIFLSILLTTILFFKVNSTETTSFLITKFSPDQQNLIFQGDGYTTKEKLTLTKAVKNTVGRALYSSPIHIWDRETGNVANFVTSFTFVINAPNSYNVADGFTFFIAPVDTKPQTGGGYLGVFNSAEYDKTTQTVAVEFDTFYNAAWDPSNRDRHIGIDVNSIKSVNTKSWKLQNGEEANVVIAFNAATNVLTVSLTYPNSLEEENVTSYTLSDVVSLKDVVPEWVRIGFSATTGAEYAAHEVLSWSFHSELSGTSSSKQAADA,275,30269.380199999996,0.12363636363636363,28.848799999999986,Stable,23,8.363636363636363,0,0.0,13,4.7272727272727275,14,5.090909090909091,19,6.909090909090909,14,5.090909090909091,4,1.4545454545454546,15,5.454545454545454,13,4.7272727272727275,19,6.909090909090909,2,0.7272727272727273,19,6.909090909090909,8,2.909090909090909,9,3.272727272727273,5,1.8181818181818181,28,10.181818181818182,31,11.272727272727273,24,8.727272727272728,5,1.8181818181818181,10,3.6363636363636362,117,42.54545454545455,87,31.636363636363633,49,17.81818181818182,22,8.0,27,9.818181818181818,0.2581818181818182,0.2981818181818182,0.44727272727272727,0.9974366272824919,1.067297619047619,0.9344761904761906,-0.07127272727272728,4.900282859802245,-9.604865027881907,42400,42400,2,0,0,0,2,0,Mixed,0,205.54545454545456
48,Q5ZET2,Q5ZET2_9FABA,Phytohemagglutinin-L,MASSNLLSLALFLVLLTHVNSASETSFSFDRFNETNLILQGDASVSSSGQLRLTNVNNNGVPTVGSLGRAFYSAPIQIWDYTTGAVASFATSFTFNMQVPNNAGPADGLAFALVPVGSQPKDKGGFLGLFDGSNSNFHTVAVEFDTLYNWNWDPKERHIGIDVNSIKSIKTTPWDFVNGENAKVHITYESSTKLLVASLVYPSLKTSFTVSDTVDLKSVLPEWVSVGFSATTGITKGNVEANNVLSWSFASMLSDGTTSEALNLANLVLNKIL,273,29305.5087,0.10256410256410256,20.323846153846137,Stable,21,7.6923076923076925,0,0.0,13,4.761904761904762,9,3.296703296703297,17,6.227106227106227,19,6.95970695970696,4,1.465201465201465,10,3.6630036630036633,11,4.029304029304029,30,10.989010989010989,3,1.098901098901099,24,8.791208791208792,10,3.6630036630036633,5,1.8315018315018317,4,1.465201465201465,34,12.454212454212454,23,8.424908424908425,25,9.157509157509157,6,2.197802197802198,5,1.8315018315018317,117,42.857142857142854,86,31.5018315018315,41,15.018315018315018,19,6.95970695970696,22,8.058608058608058,0.27106227106227104,0.36630036630036633,0.4249084249084249,0.9977294823232322,1.0643333333333334,0.9375595238095239,0.08827838827838826,4.990997886657714,-7.592904565676758,40450,40450,1,0,0,0,0,0,Mixed,0,174.5970695970696
49,O24313,LEC1_PSOTE,Basic agglutinin,MKTISFNFNQFHQNEEQLKLQRDARISSNSVLELTKVVNGVPTWNSTGRALYAKPVQVWDSTTGNVASFETRFSFSIRQPFPRPHPADGLVFFIAPPNTQTGEGGGYFGIYNPLSPYPFVAVEFDTFRNTWDPQIPHIGIDVNSVISTKTVPFTLDNGGIANVVIKYDASTKILHVVLVFPSLGTIYTIADIVDLKQVLPESVNVGFSAATGDPSGKQRNATETHDILSWSFSASLPGTNEF,242,26614.5688,0.11570247933884298,29.606198347107423,Stable,14,5.785123966942149,0,0.0,12,4.958677685950414,9,3.71900826446281,18,7.43801652892562,17,7.024793388429752,5,2.066115702479339,16,6.6115702479338845,9,3.71900826446281,15,6.198347107438017,1,0.4132231404958678,16,6.6115702479338845,18,7.43801652892562,10,4.132231404958678,8,3.3057851239669422,21,8.677685950413224,21,8.677685950413224,22,9.090909090909092,4,1.6528925619834711,6,2.479338842975207,96,39.66942148760331,68,28.09917355371901,43,17.768595041322314,22,9.090909090909092,21,8.677685950413224,0.19834710743801653,0.34710743801652894,0.42148760330578516,0.9978541794400163,1.0626666666666669,0.9390714285714287,-0.12892561983471076,5.695289802551269,-4.554319488921923,30940,30940,2,0,0,0,3,0,Mixed,0,206.98347107438016
52,P06750,AGGL_RICCO,Agglutinin,MYAVATWLCFGSTSGWSFTLEDNNIFPKQYPIINFTTADATVESYTNFIRAVRSHLTTGADVRHEIPVLPNRVGLPISQRFILVELSNHAELSVTLALDVTNAYVVGCRAGNSAYFFHPDNQEDAEAITHLFTDVQNSFTFAFGGNYDRLEQLGGLRENIELGTGPLEDAISALYYYSTCGTQIPTLARSFMVCIQMISEAARFQYIEGEMRTRIRYNRRSAPDPSVITLENSWGRLSTAIQESNQGAFASPIQLQRRNGSKFNVYDVSILIPIIALMVYRCAPPPSSQFSLLIRPVVPNFNADVCMDPEPIVRIVGRNGLCVDVTGEEFFDGNPIQLWPCKSNTDWNQLWTLRKDSTIRSNGKCLTISKSSPRQQVVIYNCSTATVGATRWQIWDNRTIINPRSGLVLAATSGNSGTKLTVQTNIYAVSQGWLPTNNTQPFVTTIVGLYGMCLQANSGKVWLEDCTSEKAEQQWALYADGSIRPQQNRDNCLTTDANIKGTVVKILSCGPASSGQRWMFKNDGTILNLYNGLVLDVRRSDPSLKQIIVHPFHGNLNQIWLPLF,564,62850.598,0.0975177304964539,42.03546099290783,Unstable,37,6.560283687943262,14,2.4822695035460995,25,4.432624113475177,22,3.900709219858156,24,4.25531914893617,37,6.560283687943262,7,1.2411347517730498,41,7.2695035460992905,13,2.304964539007092,48,8.51063829787234,8,1.4184397163120568,40,7.092198581560284,30,5.319148936170213,29,5.141843971631205,33,5.851063829787234,44,7.801418439716312,43,7.624113475177305,38,6.73758865248227,13,2.304964539007092,18,3.1914893617021276,227,40.248226950354606,170,30.141843971631204,100,17.73049645390071,53,9.397163120567376,47,8.333333333333332,0.22695035460992907,0.3120567375886525,0.39893617021276595,0.9951629987129986,1.0660357142857144,0.9318333333333333,-0.14237588652482272,6.664337730407715,-1.8444570045524031,98320,99195,5,0,0,0,6,7,Mixed,0,272.5886524822695
53,P02872,LECG_ARAHY,Galactose-binding lectin,MKPFCVFLTFFLLLAASSKKVDSAETVSFNFNSFSEGNPAINFQGDVTVLSNGNIQLTNLNKVNSVGRVLYAMPVRIWSSATGNVASFLTSFSFEMKDIKDYDPADGIIFFIAPEDTQIPAGSIGGGTLGVSDTKGAGHFVGVEFDTYSNSEYNDPPTDHVGIDVNSVDSVKTVPWNSVSGAVVKVTVIYDSSTKTLSVAVTNDNGDITTIAQVVDLKAKLPERVKFGFSASGSLGGRQIHLIRSWSFTSTLITTTRRSIDNNEKKIMNMASA,273,29324.666400000002,0.09523809523809525,24.075091575091573,Stable,18,6.593406593406594,1,0.3663003663003663,18,6.593406593406594,8,2.93040293040293,18,6.593406593406594,21,7.6923076923076925,3,1.098901098901099,18,6.593406593406594,15,5.4945054945054945,16,5.86080586080586,5,1.8315018315018317,19,6.95970695970696,10,3.6630036630036633,5,1.8315018315018317,7,2.564102564102564,32,11.72161172161172,23,8.424908424908425,28,10.256410256410255,3,1.098901098901099,5,1.8315018315018317,111,40.65934065934066,80,29.304029304029307,51,18.681318681318682,25,9.157509157509157,26,9.523809523809524,0.2271062271062271,0.3663003663003663,0.4065934065934066,1.0001987734487734,1.0660476190476191,0.9216190476190476,0.015750915750915744,5.387165641784668,-4.66302043993722,23950,23950,0,0,0,0,5,0,Mixed,0,213.36996336996336
55,P05046,LEC_SOYBN,Lectin,MATSKLKTQNVVVSLSLTLTLVLVLLTSKANSAETVSFSWNKFVPKQPNMILQGDAIVTSSGKLQLNKVDENGTPKPSSLGRALYSTPIHIWDKETGSVASFAASFNFTFYAPDTKRLADGLAFFLAPIDTKPQTHAGYLGLFNENESGDQVVAVEFDTFRNSWDPPNPHIGINVNSIRSIKTTSWDLANNKVAKVLITYDASTSLLVASLVYPSQRTSNILSDVVDLKTSLPEWVRIGFSAATGLDIPGESHDVLSWSFASNLPHASSNIDPLDLTSFVLHEAI,285,30927.580599999998,0.08771929824561403,31.53792982456139,Stable,23,8.070175438596491,0,0.0,17,5.964912280701754,9,3.1578947368421053,14,4.912280701754386,13,4.56140350877193,6,2.1052631578947367,15,5.263157894736842,15,5.263157894736842,32,11.228070175438596,2,0.7017543859649122,18,6.315789473684211,16,5.614035087719298,7,2.456140350877193,6,2.1052631578947367,35,12.280701754385964,23,8.070175438596491,23,8.070175438596491,6,2.1052631578947367,5,1.7543859649122806,120,42.10526315789473,83,29.122807017543863,53,18.596491228070175,27,9.473684210526317,26,9.12280701754386,0.28421052631578947,0.3473684210526316,0.41403508771929826,0.9995451604554866,1.0604761904761906,0.9411190476190476,0.0003508771929824366,5.650557518005371,-5.527938353840533,40450,40450,3,0,0,0,5,0,Mixed,0,244.82456140350877
56,Q9S8M0,LECT_SOLTU,Chitin-binding lectin 1,MKETAISVLALLTLFLLEVVSANELSLPFHLPINETIGLEVFQGINNASPPSPSPLPYPQCGMKKGGGKCIKTGECCSIWGWCGTTNAYCSPGYCQKQCPGPYPEGRCGWQANGKSCPTGTGQCCSNGGWCGTTSDYCASKNCQSQCKLPSPPPPPPPPSPPPPSPPSPPPPSPPPPPPPSPPPPSPPPPSPSPPPPPASPPPPPPALPYPQCGIKKGGGKCIKTGECCSIWGWCGTTNAYCSPGYCQKQCPGPYPEGRCGWQANGKSCPTGTGHCCSNAGWCGTTSDYCAPVNCQAQCNTTTLTSPIKNRMRGIESFMLNVV,323,33554.2058,0.06811145510835914,71.9235294117648,Unstable,14,4.3343653250774,32,9.907120743034056,2,0.6191950464396285,10,3.0959752321981426,4,1.238390092879257,36,11.145510835913312,2,0.6191950464396285,11,3.4055727554179565,16,4.953560371517028,15,4.643962848297214,4,1.238390092879257,15,4.643962848297214,68,21.052631578947366,14,4.3343653250774,4,1.238390092879257,30,9.287925696594428,21,6.5015479876160995,7,2.1671826625387,8,2.476780185758514,10,3.0959752321981426,73,22.60061919504644,112,34.6749226006192,34,10.526315789473683,22,6.811145510835913,12,3.7151702786377707,0.1826625386996904,0.4674922600619195,0.23529411764705882,1.0070975887170155,1.0504404761904762,0.9339166666666666,-0.47213622291021673,8.398828315734864,6.520888298922333,58900,60900,3,0,0,0,1,16,Mixed,0,181.79566563467492
60,P11218,AGI_URTDI,Lectin/endochitinase 1,MMMRFLSAVVIMSSAMAVGLVSAQRCGSQGGGGTCPALWCCSIWGWCGDSEPYCGRTCENKCWSGERSDHRCGAAVGNPPCGQDRCCSVHGWCGGGNDYCSGSKCQYRCSSSVRGPRVALSGNSTANSIGNVVVTEPLFDQMFSHRKDCPSQGFYSYHSFLVAAESFPAFGTIGDVATRKREVAAFLAHISQATSGERSDVENPHAWGLCHINTTTVTENDFCTSSDWPCAAGKKYSPRGPIQLTHNFNYGLAGQAIGEDLIQNPDLVEKDPIISFKTALWFWMSQHDNKPSCHDIVLNANSAANRIPNKGVIGNIISRAFGHDDFAVRSSSIGFYKRYCDMLGVSYGHDLKYWFDNTPSSEFQRIQMRVAA,372,40541.1645,0.1021505376344086,41.38661290322579,Unstable,30,8.064516129032258,22,5.913978494623656,20,5.376344086021505,12,3.225806451612903,17,4.56989247311828,37,9.946236559139784,12,3.225806451612903,18,4.838709677419355,12,3.225806451612903,16,4.301075268817205,9,2.4193548387096775,19,5.10752688172043,17,4.56989247311828,13,3.494623655913978,20,5.376344086021505,40,10.75268817204301,15,4.032258064516129,22,5.913978494623656,10,2.6881720430107525,11,2.956989247311828,133,35.752688172043015,109,29.301075268817208,76,20.43010752688172,44,11.827956989247312,32,8.60215053763441,0.21236559139784944,0.35752688172043007,0.29301075268817206,0.9963838711793257,1.0610119047619047,0.9245476190476192,-0.2663978494623656,7.10978488922119,-0.8504204908761821,71390,72765,2,0,0,0,7,11,Mixed,0,240.53763440860214
61,P22973,LEC2_ULEEU,Anti-H(O) lectin 2,NLSDDLSFNFDKFVPNQKNIIFQGDASVSTKGVLEVTKVSKPTTRSIGRALYAAPIQIWDSITGKVASFATSFSFVVKDEPDEKIDGVDGLAFFLAPANSQIPSGSSAGMFGLFCSSNDSKSSNQIIAVEFDSYFGKTYNPWDPDFKHIGIDVNSIKSIKTVKDDWRNGEVADVVITYRAPTKSLTVSLSYPSDGTSNIVTASSVDLKAILPEWVSVGFSGGVGNAAKFDHDVLSWYFTSNLEANQSQT,249,26927.6604,0.11244979919678716,23.640160642570265,Stable,18,7.228915662650602,1,0.4016064257028112,21,8.433734939759036,7,2.8112449799196786,17,6.827309236947792,17,6.827309236947792,2,0.8032128514056224,17,6.827309236947792,17,6.827309236947792,13,5.220883534136546,1,0.4016064257028112,14,5.622489959839357,11,4.417670682730924,7,2.8112449799196786,4,1.6064257028112447,34,13.654618473895583,15,6.024096385542169,22,8.835341365461847,5,2.0080321285140563,6,2.4096385542168677,99,39.75903614457831,71,28.514056224899598,51,20.481927710843372,23,9.236947791164658,28,11.244979919678714,0.2248995983935743,0.3895582329317269,0.3815261044176707,1.0027600198412698,1.071047619047619,0.9361904761904762,-0.13614457831325302,4.826278495788574,-7.43430522807834,36440,36440,3,0,0,0,4,0,Mixed,0,230.6425702811245
64,Q05097,PA1L_PSEAE,PA-I galactophilic lectin,MAWKGEVLANNEAGQVTSIIYNPGDVITIVAAGWASYGPTQKWGPQGDREHPDQGLICHDAFCGALVMKIGNSGTIPVNTGLFRWVAPNNVQGAITLIYNDVPGTYGNNSGSFSVNIGKDQS,122,12893.2562,0.09016393442622951,15.193442622950819,Stable,10,8.19672131147541,2,1.639344262295082,6,4.918032786885246,3,2.459016393442623,3,2.459016393442623,17,13.934426229508196,2,1.639344262295082,10,8.19672131147541,4,3.278688524590164,5,4.098360655737705,2,1.639344262295082,11,9.01639344262295,7,5.737704918032787,6,4.918032786885246,2,1.639344262295082,7,5.737704918032787,7,5.737704918032787,10,8.19672131147541,4,3.278688524590164,4,3.278688524590164,48,39.34426229508197,33,27.049180327868854,17,13.934426229508196,8,6.557377049180328,9,7.377049180327869,0.19672131147540983,0.39344262295081966,0.3524590163934426,0.9969831436999578,1.0534523809523808,0.9411904761904762,-0.14836065573770493,5.034536552429199,-3.70491916004859,27960,28085,1,0,0,0,1,1,Mixed,0,174.91803278688525
70,F6KMV5,F6KMV5_MACPC,Ricin B-like lectin,MSTQVSSGQTYKITNVKAGTVIDLSGEDNKSIIGYPYHSGKNQQWTFNWTGKAWTLRSASSGSYLGIEGTPADGTRLVAVNDPFEWHIWRDEANENAFRIFVPFTNYNLDLSGYGDTTPGTPVQLWWTWEGLHQTWTIDRP,141,15920.319500000001,0.14184397163120566,21.91702127659575,Stable,7,4.964539007092199,0,0.0,8,5.673758865248227,6,4.25531914893617,5,3.546099290780142,14,9.929078014184398,3,2.127659574468085,8,5.673758865248227,5,3.546099290780142,8,5.673758865248227,1,0.7092198581560284,9,6.382978723404255,7,4.964539007092199,6,4.25531914893617,5,3.546099290780142,11,7.801418439716312,16,11.347517730496454,7,4.964539007092199,9,6.382978723404255,6,4.25531914893617,51,36.17021276595745,42,29.78723404255319,27,19.148936170212767,13,9.219858156028367,14,9.929078014184398,0.19148936170212766,0.3475177304964539,0.41843971631205673,0.9993971861471862,1.0576190476190477,0.9444166666666667,-0.5780141843971631,5.203632545471191,-4.622622865344304,58440,58440,2,0,0,0,3,0,Mixed,0,205.99290780141843
72,A8NDT7,A8NDT7_COPC7,Ricin B lectin domain-containing protein,MALNEGVYWIRNSRFTNKVLDLDAANVAKGTSILDFNEHGTFNENHNQLWIVERFQSRDTYLIRSVHSNLVLDLSQGLSANGTPILCWTQHGGTNQQWRIEWVKDDNKTPLYRIVSVATGTAISHNEDDSSAYTVAWSVDDGPKQLWSFDPFVTPLLYRLRVKSTSRVLDLAAASADNGTLALAWEQHTAITKRNQLWWLPYRSGAEEYTIQCLETSTVADLSGGNSGNGTPIYGWQSHGGRNQQWKFEPTSDSGDYYHIKNVEGGSVMDAYMNDSQKRVGGWSNNGGDNQKWLLDPLPSPGPGWVLIQNGGTGKFLCSTPSGDIGTADGPETVYDYSVQWRFIQREYTGVYHVVNRATGAYLRQIGTSMPSIGLAEENDDELKDWWMLETYDNSEIGLASIISRWTGNVLDHYGGVSVQALDNNTENSYRSWAIIPARDWLTSFSLVNGQGGLCLAAQYAREETRLSTTANVNDFHAQWVFRKPSGSSGYTIQNKYNNHYVGGTSARWELVVCCNKYFGIRNTSTQKYLAIEDGQVTFQDQDMTDRKQCWELCSGRATDTSGNDYDLIYMDDDLLEVMIPWVGDKQGDLKHYIEKRATKKPPKDKGGWQLPAAGLIKKPKFNDIRQLLQELIEQWEWDVVNEEREQIQTLVSIDEAEARRLLGRRPHPDIVAAYQRSRSSTLFRIDRQGYFNIAGDRYVNIQGQYGDDSYFHIALPVGVRFGREQIRRFLRDSLDRSTSVTITPTTCKPPSGGPDYNRDPDSDGDNSWIKWTIAVVGTSAIKHSEL,787,88827.4742,0.10673443456162643,39.744599745870495,Stable,46,5.844980940279543,9,1.1435832274459974,60,7.6238881829733165,37,4.701397712833545,20,2.5412960609911055,68,8.640406607369759,16,2.0330368487928845,43,5.463786531130877,31,3.9390088945362134,61,7.750952986022871,8,1.0165184243964422,46,5.844980940279543,30,3.8119440914866582,41,5.209656925031767,47,5.972045743329097,61,7.750952986022871,53,6.734434561626429,46,5.844980940279543,30,3.8119440914866582,34,4.320203303684879,288,36.594663278271916,210,26.683608640406607,191,24.269377382465056,94,11.944091486658195,97,12.325285895806863,0.23252858958068615,0.3367217280813215,0.3646759847522236,1.0012800679397722,1.0813690476190476,0.9396666666666665,-0.5907242693773825,5.39751033782959,-19.445405642648396,215660,216160,7,0,0,1,13,4,Mixed,0,369.72045743329096
79,Q7MDS1,Q7MDS1_VIBVY,"""Cytotoxin, cytolysin VvhA""",MKKMTLFTLSLLATAVQVGAQEYVPIVEKPIYITSSKIKCVLHTSGDFNATRDWCNAGASIDVRVNVAQMRSVQSATSDGFTPDAKIVRFTVDADKPGTGIHLVNELQQDHSWFQSWANRRTYIGPFASSYDLWVKPVSGYTPKKARDLPQNENKNYQHRDTYGYSIGINGKVGAEVNKDGPKVGGEVSGSFTYNYSKTLVFDTKDYRINNRSSLSDFDISFEREFGECDELRRQELGCYFTAAHWGSGWVFDKTKFNPISYSNFKPNYDVLYEAPVSETGVTDFEMGVKLNYRARFGTVLPSALFSVYGSAGSSTNSSTVKQRIRIDWNHPLFEAEAHVTLQSLSNNDLCLDVYGENGDKTVAGGSVNGWSCHGSWNQVWGLDKEERYRSRVASDRCLTVNADKTLTVEQCGANLAQKWYWEGDKLISRYVDGSNTRYLLNIVGGRNVQVTPENEANQARWKPTLQQVKL,471,52871.3525,0.11464968152866241,24.6619957537155,Stable,29,6.1571125265392785,8,1.6985138004246285,29,6.1571125265392785,23,4.8832271762208075,19,4.033970276008493,37,7.855626326963907,8,1.6985138004246285,17,3.6093418259023355,28,5.9447983014862,31,6.581740976645436,4,0.8492569002123143,31,6.581740976645436,16,3.397027600849257,19,4.033970276008493,25,5.3078556263269645,41,8.70488322717622,31,6.581740976645436,40,8.492569002123142,13,2.7600849256900215,22,4.670912951167728,175,37.15498938428875,130,27.60084925690021,113,23.991507430997878,61,12.951167728237792,52,11.040339702760086,0.24416135881104034,0.326963906581741,0.3673036093418259,1.0017215007215008,1.0624523809523811,0.9473095238095239,-0.5184713375796178,7.552731132507325,0.29469102467408703,104280,104780,4,0,0,1,9,4,Mixed,0,301.14649681528664
80,Q8L5H4,Q8L5H4_MUSAC,Lectin,MNGAIKVGAWGGNGGSAFDMGPAYRIISVKIFSGDVVDAVDVTFTYYGKTETRHFGGSGGTPHEIVLQEGEYLVGMKGEFGNYHGVVVVGKLGFSTNKKSYGPFGNTGGTPFSLPIAAGKISGFFGRGGDFIDAIGVYLEP,141,14669.3538,0.1347517730496454,8.231914893617024,Stable,8,5.673758865248227,0,0.0,6,4.25531914893617,6,4.25531914893617,11,7.801418439716312,30,21.27659574468085,3,2.127659574468085,9,6.382978723404255,8,5.673758865248227,5,3.546099290780142,3,2.127659574468085,5,3.546099290780142,6,4.25531914893617,1,0.7092198581560284,3,2.127659574468085,8,5.673758865248227,8,5.673758865248227,13,9.219858156028367,1,0.7092198581560284,7,4.964539007092199,57,40.42553191489361,22,15.602836879432624,26,18.439716312056735,14,9.929078014184398,12,8.51063829787234,0.2127659574468085,0.3900709219858156,0.3829787234042553,0.9988446067821068,1.0472142857142859,0.9482142857142858,0.02907801418439715,6.2628271102905275,-1.6334879678567127,15930,15930,0,0,0,0,3,0,Mixed,0,184.5744680851064
81,H2FH31,LEC_CREGR,Galactose-binding lectin,MTTFLIKHKASGKFLHPYGGSSNPANNTKLVLHSDIHERMYFQFDVVDERWGYIKHVASGKIVHPYGGQANPPNETNMVLHQDRHDRALFAMDFFNDNIMHKGGKYIHPKGGSPNPPNNTETVIHGDKHAAMEFIFVSPKNKDKRVLVYA,150,17023.1272,0.10666666666666666,35.95133333333332,Stable,9,6.0,0,0.0,9,6.0,5,3.3333333333333335,9,6.0,12,8.0,12,8.0,8,5.333333333333334,13,8.666666666666668,7,4.666666666666667,6,4.0,12,8.0,10,6.666666666666667,3,2.0,5,3.3333333333333335,7,4.666666666666667,6,4.0,10,6.666666666666667,1,0.6666666666666667,6,4.0,56,37.333333333333336,28,18.666666666666668,44,29.333333333333332,30,20.0,14,9.333333333333334,0.26666666666666666,0.3333333333333333,0.31333333333333335,1.0040985309017225,1.074357142857143,0.9385476190476192,-0.6333333333333333,9.273341941833493,3.686296087116986,14440,14440,3,0,0,0,1,0,Mixed,0,193.0
82,P13045,GAL3_YEAST,Protein GAL3,MNTNVPIFSSPVRDLPRSFEQKHLAVVDAFFQTYHVKPDFIARSPGRVNLIGEHIDYCDFSVLPLAIDVDMLCAVKILDEKNPSITLTNADPKFAQRKFDLPLDGSYMAIDPSVSEWSNYFKCGLHVAHSYLKKIAPERFNNTPLVGAQIFCQSDIPTGGGLSSAFTCAAALATIRANMGKNFDISKKDLTRITAVAEHYVGVNNGGMDQATSVYGEEDHALYVEFRPKLKATPFKFPQLKNHEISFVIANTLVKSNKFETAPTNYNLRVIEVTVAANALATRYSVALPSHKDNSNSERGNLRDFMDAYYARYENQAQPWNGDIGTGIERLLKMLQLVEESFSRKKSGFTVHEASTALNCSREEFTRDYLTTFPVRFQVLKLYQRAKHVYSESLRVLKALKMMTSATFHTDEDFFTDFGRLMNESQASCDKLYECSCIETNQICSIALANGSFGSRLTGAGWGGCTIHLVPSGANGNVEQVRKALIEKFYNVRYPDLTDEELKDAIIVSKPALGTCLYEQ,520,58128.3896,0.10192307692307692,35.31424999999999,Stable,45,8.653846153846153,12,2.307692307692308,29,5.5769230769230775,30,5.769230769230769,30,5.769230769230769,28,5.384615384615385,13,2.5,26,5.0,31,5.961538461538462,45,8.653846153846153,10,1.9230769230769231,30,5.769230769230769,23,4.423076923076923,16,3.076923076923077,25,4.807692307692308,38,7.307692307692308,32,6.153846153846154,34,6.538461538461539,3,0.576923076923077,20,3.8461538461538463,213,40.96153846153846,128,24.615384615384617,128,24.615384615384617,69,13.26923076923077,59,11.346153846153847,0.3096153846153846,0.2846153846153846,0.36538461538461536,0.9989683393905507,1.069761904761905,0.9464761904761906,-0.24461538461538462,6.513430213928221,-3.61485050573539,46300,47050,4,0,0,0,6,6,Alpha/Beta,0,267.5
83,P47929,LEG7_HUMAN,Galectin-7,MSNVPHKSSLPEGIRPGTVLRIRGLVPPNASRFHVNLLCGEEQGSDAALHFNPRLDTSEVVFNSKEQGSWGREERGPGVPFQRGQPFEVLIIASDDGFKAVVGDAQYHHFRHRLPLARVRLVEVGGDVQLDSVRIF,136,15074.861,0.07352941176470588,37.533823529411755,Stable,7,5.147058823529411,1,0.7352941176470588,7,5.147058823529411,9,6.61764705882353,8,5.88235294117647,14,10.294117647058822,6,4.411764705882353,5,3.6764705882352944,3,2.2058823529411766,12,8.823529411764707,1,0.7352941176470588,5,3.6764705882352944,10,7.352941176470589,6,4.411764705882353,13,9.558823529411764,10,7.352941176470589,2,1.4705882352941175,15,11.029411764705882,1,0.7352941176470588,1,0.7352941176470588,50,36.76470588235294,24,17.647058823529413,38,27.941176470588236,22,16.176470588235293,16,11.76470588235294,0.23529411764705885,0.3382352941176471,0.3235294117647059,1.0010823959505062,1.048107142857143,0.9401309523809525,-0.3426470588235294,7.024185371398924,-0.5169929078979614,6990,6990,1,0,0,0,2,0,Mixed,0,185.88235294117646
84,O54974,LEG7_MOUSE,Galectin-7,MSATHHKTSLPQGVRVGTVMRIRGLVPDQAGRFHVNLLCGEEQGADAALHFNPRLDTSEVVFNTKQQGKWGREERGTGIPFQRGQPFEVLLIATEEGFKAVVGDDEYLHFHHRLPPARVRLVEVGGDVQLHSLNIF,136,15173.0272,0.07352941176470588,30.49779411764705,Stable,8,5.88235294117647,1,0.7352941176470588,6,4.411764705882353,10,7.352941176470589,8,5.88235294117647,15,11.029411764705882,8,5.88235294117647,4,2.941176470588235,4,2.941176470588235,13,9.558823529411764,2,1.4705882352941175,4,2.941176470588235,7,5.147058823529411,8,5.88235294117647,11,8.088235294117647,4,2.941176470588235,7,5.147058823529411,14,10.294117647058822,1,0.7352941176470588,1,0.7352941176470588,51,37.5,24,17.647058823529413,39,28.676470588235293,23,16.911764705882355,16,11.76470588235294,0.2720588235294118,0.2647058823529412,0.35294117647058826,0.9989089801274841,1.0491309523809524,0.9401309523809525,-0.34485294117647064,6.702874565124512,-1.445521104961566,6990,6990,0,0,0,0,2,0,Mixed,0,182.5
89,E0UGD2,E0UGD2_GLOV7,Microviridin/marinostatin family tricyclic proteinase inhibitor,MSKNTGKQKEIKAVPFFARFLEEQAAQNETAPYQNTLKYPSDWEDY,46,5413.9353,0.15217391304347827,52.478260869565204,Unstable,5,10.869565217391305,0,0.0,2,4.3478260869565215,5,10.869565217391305,3,6.521739130434782,1,2.1739130434782608,0,0.0,1,2.1739130434782608,5,10.869565217391305,2,4.3478260869565215,1,2.1739130434782608,3,6.521739130434782,3,6.521739130434782,4,8.695652173913043,1,2.1739130434782608,2,4.3478260869565215,3,6.521739130434782,1,2.1739130434782608,1,2.1739130434782608,3,6.521739130434782,17,36.95652173913043,12,26.08695652173913,13,28.26086956521739,6,13.043478260869565,7,15.217391304347828,0.3913043478260869,0.2391304347826087,0.30434782608695654,1.0144642857142858,1.0685357142857144,0.9520238095238097,-1.1108695652173914,5.144690513610839,-1.7286846038069674,9970,9970,1,0,0,0,1,0,Alpha/Beta,0,179.56521739130434
91,Q2UNX8,LECF_ASPOR,Fucose-specific lectin,MSTPGAQEVLFRTGIAAVNSTNHLRVYFQDSHGSIRESLYESGWANGTAKNVIAKAKLGTPLAATSKELKNIRVYSLTEDNVLQEAAYDSGSGWYNGALAGAKFTVAPYSRIGSVFLAGTNALQLRIYAQKTDNTIQEYMWNGDGWKEGTNLGVALPGTGIGVTCWRYTDYDGPSIRVWFQTDNLKLVQRAYDPHTGWYKELTTIFDKAPPRCAIAATNFNPGKSSIYMRIYFVNSDNTIWQVCWDHGQGYHDKRTITPVIQGSEIAIISWEGPELRLYFQNGTYVSAISEWTWGKAHGSQLGRRALPPAE,311,34540.323,0.12218649517684887,28.55852090032154,Stable,29,9.32475884244373,3,0.964630225080386,13,4.180064308681672,14,4.501607717041801,9,2.8938906752411575,30,9.646302250803858,6,1.929260450160772,20,6.430868167202572,14,4.501607717041801,21,6.752411575562702,3,0.964630225080386,17,5.466237942122187,13,4.180064308681672,13,4.180064308681672,15,4.823151125401929,21,6.752411575562702,25,8.038585209003216,16,5.144694533762058,12,3.858520900321544,17,5.466237942122187,127,40.836012861736336,79,25.401929260450164,62,19.935691318327976,35,11.254019292604502,27,8.681672025723474,0.2604501607717042,0.3022508038585209,0.3858520900321543,0.996970908230842,1.0666071428571429,0.9362023809523811,-0.3639871382636656,8.288265037536622,1.3766743148038536,91330,91455,3,0,0,0,6,1,Mixed,0,254.63022508038586
92,Q00022,ABL_AGABI,Agaricus bisporus lectin,MTYTISIRVYQTTPKGFFRPVERTNWKYANGGTWDEVRGEYVLTMGGSGTSGSLRFVSSDTDESFVATFGVHNYKRWCDIVTNLTNEQTALVINQEYYGVPIRDQARENQLTSYNVANAKGRRFAIEYTVTEGDNLKANLIIG,143,16184.816799999999,0.12587412587412586,27.059440559440553,Stable,8,5.594405594405594,1,0.6993006993006993,6,4.195804195804196,9,6.293706293706294,6,4.195804195804196,13,9.090909090909092,1,0.6993006993006993,8,5.594405594405594,5,3.4965034965034967,7,4.895104895104895,2,1.3986013986013985,11,7.6923076923076925,3,2.097902097902098,5,3.4965034965034967,10,6.993006993006993,8,5.594405594405594,16,11.188811188811188,12,8.391608391608392,3,2.097902097902098,9,6.293706293706294,55,38.46153846153847,41,28.671328671328673,31,21.678321678321677,16,11.188811188811188,15,10.48951048951049,0.21678321678321677,0.2867132867132867,0.42657342657342656,1.0001341506751955,1.0567976190476192,0.9481666666666665,-0.47342657342657346,6.580898094177246,-0.7255521699059351,29910,29910,1,0,0,0,1,0,Mixed,0,184.33566433566432
94,P16030,LEC_BAUPU,Lectin,MLLYNSKSYVLQLIFITLLLTQLNKVKSTSSTLTGFTFPNFWSNTQENGTEIIFLGNATYTPGALRLTRIGEDGIPLKSNAGQASYSRPVFLWDSTGHVASFYTSFSFIVRSIDVPHITADGFAFFLAPVDSSVKDYGGCLGLFRYKTATDPSKNQVVAVEFDTWPNTEWSDLRYPHIGINVNSTVSVATTRWDNDDAYVTKSTAHITYDATSKIITVLLTYDNGRHYQLSHVVDLPKILPERVRIGFSGGTGFNETQYILSWSFTSTLNSTKISALTQKLRSSASYSSM,290,32237.891600000003,0.12758620689655173,33.7986551724138,Stable,16,5.517241379310345,1,0.3448275862068966,15,5.172413793103448,7,2.413793103448276,17,5.862068965517241,18,6.206896551724138,6,2.0689655172413794,18,6.206896551724138,12,4.137931034482759,27,9.310344827586208,2,0.6896551724137931,15,5.172413793103448,11,3.793103448275862,8,2.7586206896551726,11,3.793103448275862,34,11.724137931034482,33,11.379310344827587,19,6.551724137931035,6,2.0689655172413794,14,4.827586206896552,119,41.03448275862069,91,31.379310344827587,51,17.586206896551722,29,10.0,22,7.586206896551724,0.2206896551724138,0.32068965517241377,0.46206896551724136,0.9948470174546687,1.0604761904761906,0.9336666666666666,-0.08827586206896554,7.80913600921631,0.42926464124884944,53860,53860,5,0,0,0,4,0,Beta-rich,0,258.2758620689655
98,Q7Y041,Q7Y041_HIPVI,Agglutinin,MAKTSFLIVVAAIVLGVITPSCLSDNILYSGETLSAGESLNYGPYTFIMQQDCNLVLYDVDKPIWASNTGGLARGCHLSMQSDGNLVVYSPSGNRPIWASNTQGENGNYVCIVQKDRNVVIYGTARWATGTYTGTVGISGFATGMAGIIKSVTDKSAK,158,16742.8525,0.08860759493670886,17.627848101265805,Stable,12,7.59493670886076,4,2.5316455696202533,7,4.430379746835443,3,1.89873417721519,3,1.89873417721519,18,11.39240506329114,1,0.6329113924050633,12,7.59493670886076,6,3.79746835443038,11,6.962025316455696,4,2.5316455696202533,10,6.329113924050633,5,3.1645569620253164,5,3.1645569620253164,4,2.5316455696202533,15,9.49367088607595,13,8.227848101265822,14,8.860759493670885,3,1.89873417721519,8,5.063291139240507,67,42.405063291139236,47,29.746835443037973,21,13.291139240506327,11,6.962025316455696,10,6.329113924050633,0.22784810126582278,0.34810126582278483,0.4050632911392405,0.9920173378076063,1.0545952380952381,0.9427261904761904,0.1310126582278481,6.527355766296386,-0.805189644640766,28420,28670,0,0,0,0,2,2,Mixed,0,183.29113924050634
107,Q8X123,Q8X123_9AGAR,Agglutinin,MSLRRGIYHIENAGVPSAIDLKDGSSSDGTPIVGWQFTPDTINWHQLWLAEPIPNVADTFTLCNLFSGTYMDLYNGSSEAGTAVNGWQGTAFTTNPHQLWTIKKSSDGTSYKIQNYGSKTFVDLVNGDSSDGAKIAGWTGTWDEGNPHQKWYFNRMSVSSAEAQAAIARNPHIHGTYRGYILDGEYLVLPNATFTQIWKDSGLPGSKWREQIYDCDDFAIAMKAAVGKWGADSWKANGFAIFCGVMLGVNKAGDAAHAYNFTLTKDHADIVFFEPQNGGYLNDIGYDSYMAFY,293,32300.454799999996,0.13993174061433447,28.9256313993174,Stable,28,9.556313993174061,3,1.023890784982935,22,7.508532423208192,8,2.7303754266211606,14,4.778156996587031,31,10.580204778156997,8,2.7303754266211606,18,6.143344709897611,14,4.778156996587031,16,5.460750853242321,6,2.04778156996587,18,6.143344709897611,11,3.754266211604096,10,3.4129692832764507,6,2.04778156996587,21,7.167235494880546,20,6.825938566552901,12,4.09556313993174,12,4.09556313993174,15,5.1194539249146755,121,41.29692832764505,72,24.573378839590443,58,19.795221843003414,28,9.556313993174061,30,10.238907849829351,0.24573378839590446,0.3515358361774744,0.3651877133105802,0.9986265928906775,1.0541428571428573,0.9350119047619049,-0.34334470989761096,5.14128017425537,-10.54963424830984,88350,88475,3,0,0,0,2,1,Mixed,0,211.09215017064847
111,Q7Z8V1,Q7Z8V1_9APHY,Hemolytic lectin LSLa,MTDIYIPPEGLYFRLLGFASRQVIFARNSPSPDVGLSPVNDQATDQYFSLIYGTGEHAGLYAIKSKATGKVLFSRRPAEPYVGQIDGDGRYPDNWFKIEPGKTYLSKYFRLVQPSTGTALVSRTHLQPYFWNHPQTEVFDDQYFTFLFEDMSIDKIEYDLKDGRILSSTPNVLATQTLENTSSQTQEMSFNLSQTLTQTSTFAYTAGFTIAVGTAFKAGVPIFAETEFKVDISVDNQWNWGEENTFSKTYTATFSVRAGPGETVKAVSTVDSGIINVPFTAYLSSKSTGFEVTTEGIWRGVSSWDLRHTLTSVTA,315,35095.7024,0.1365079365079365,33.75619047619048,Stable,20,6.349206349206349,0,0.0,17,5.396825396825397,16,5.079365079365079,22,6.984126984126984,23,7.301587301587302,4,1.2698412698412698,16,5.079365079365079,13,4.1269841269841265,21,6.666666666666667,3,0.9523809523809524,11,3.492063492063492,16,5.079365079365079,14,4.444444444444445,12,3.8095238095238098,29,9.206349206349207,36,11.428571428571429,21,6.666666666666667,6,1.9047619047619049,15,4.761904761904762,124,39.36507936507937,90,28.57142857142857,62,19.682539682539684,29,9.206349206349207,33,10.476190476190476,0.23174603174603176,0.3047619047619048,0.43492063492063493,0.9995597961406785,1.0527023809523812,0.9428095238095238,-0.2707936507936508,5.086089515686035,-8.613541360352244,55350,55350,2,0,0,0,4,0,Mixed,0,221.66666666666669
112,G7SDG9,G7SDG9_STRSU,Laminin binding protein,MLKKVIRGCFVALFGFVLAACSAQKEASQVQPGMKIVTSFYPIYSLVKEVSGSKNDVRMIGSRQGIHSYEPSAADIKAIYDADVFIYHSRILESWAGRLEPNLQGSSVKVLEASTNLPLTKVPGLEDMEAGQGIDEASLYDPHTWLDPVLVGQEAVAIGELLAESDPKNADYYRQNAATLEEKAQKLADKYSPIFSKATSKTFVTQHTAFSYTAQRFGLKQLGIAGVSEEEPSPRQLAEIKEFVDTYNVQTIFTEKGASDKLAKALASSTGVDLKVLDPLEADPENNLTYLENLEQVLETLAQELK,306,33546.5946,0.08169934640522876,27.36637254901961,Stable,32,10.457516339869281,2,0.6535947712418301,16,5.228758169934641,26,8.49673202614379,11,3.594771241830065,18,5.88235294117647,4,1.3071895424836601,15,4.901960784313726,22,7.18954248366013,32,10.457516339869281,4,1.3071895424836601,9,2.941176470588235,14,4.57516339869281,16,5.228758169934641,8,2.6143790849673203,25,8.169934640522875,16,5.228758169934641,22,7.18954248366013,2,0.6535947712418301,12,3.9215686274509802,130,42.48366013071895,68,22.22222222222222,76,24.836601307189543,34,11.11111111111111,42,13.725490196078432,0.3790849673202615,0.2679738562091503,0.35947712418300654,1.0045204425204426,1.0659047619047621,0.93075,-0.21176470588235294,4.932226371765136,-12.66672005327969,28880,29005,1,0,0,0,5,1,Alpha/Beta,0,233.8562091503268
118,P84871,LEC1_HYPMC,Lectin-1,QKFCTLDIAPVCCQIVIGGGMYTAGNACMCEGFVSGVGRCENPKECPCTREAQIPSCCSSRWGLVSVTGKCACDCLGGTVAFPEPCPSPY,90,9364.854000000001,0.06666666666666667,72.77444444444444,Unstable,6,6.666666666666667,14,15.555555555555555,2,2.2222222222222223,5,5.555555555555555,3,3.3333333333333335,11,12.222222222222221,0,0.0,4,4.444444444444445,3,3.3333333333333335,3,3.3333333333333335,2,2.2222222222222223,2,2.2222222222222223,8,8.88888888888889,3,3.3333333333333335,3,3.3333333333333335,6,6.666666666666667,5,5.555555555555555,7,7.777777777777778,1,1.1111111111111112,2,2.2222222222222223,28,31.11111111111111,30,33.33333333333333,13,14.444444444444443,6,6.666666666666667,7,7.777777777777778,0.2111111111111111,0.32222222222222224,0.2777777777777778,0.989066431510876,1.0520714285714288,0.9328214285714286,0.22888888888888886,5.148441886901854,-1.7917008231650726,8480,9355,0,0,0,0,1,7,Mixed,0,153.88888888888889
137,O00214,LEG8_HUMAN,Galectin-8,MMLSLNNLQNIIYNPVIPFVGTIPDQLDPGTLIVIRGHVPSDADRFQVDLQNGSSMKPRADVAFHFNPRFKRAGCIVCNTLINEKWGREEITYDTPFKREKSFEIVIMVLKDKFQVAVNGKHTLLYGHRIGPEKIDTLGIYGKVNIHSIGFSFSSDLQSTQASSLELTEISRENVPKSGTPQLRLPFAARLNTPMGPGRTVVVKGEVNANAKSFNVDLLAGKSKDIALHLNPRLNIKAFVRNSFLQESWGEEERNITSFPFSPGMYFEMIIYCDVREFKVAVNGVHSLEYKHRFKELSSIDTLEINGDIHLLEVRSW,317,35807.6716,0.0914826498422713,30.146687697160893,Stable,14,4.416403785488959,3,0.9463722397476341,15,4.73186119873817,20,6.309148264984227,19,5.993690851735016,21,6.624605678233439,9,2.8391167192429023,25,7.886435331230284,19,5.993690851735016,28,8.832807570977918,7,2.2082018927444795,21,6.624605678233439,17,5.3627760252365935,9,2.8391167192429023,18,5.678233438485805,24,7.570977917981073,14,4.416403785488959,24,7.570977917981073,3,0.9463722397476341,7,2.2082018927444795,127,40.063091482649845,71,22.397476340694006,81,25.55205047318612,46,14.511041009463725,35,11.041009463722396,0.277602523659306,0.3091482649842271,0.37854889589905366,1.000389030612245,1.0584166666666666,0.9411428571428573,-0.21735015772870664,8.334746742248537,1.504531294260687,26930,27055,2,0,0,1,6,1,Mixed,0,255.61514195583595
138,B3VS76,B3VS76_COPCI,Mucin-binding lectin 1,MAIFHTGSELFIITRGPGKLTLLTWGGLNNLRSVIGAIPTENTGVTKWAVSFSHNYTRFSFIWEGQGEACYQIGNGLTRSPVGRSWSSSSTIHWGSSTVITEDVTSVVPGAVNRDKVTTAYALPDNL,127,13733.277100000001,0.10236220472440945,33.948818897637786,Stable,7,5.511811023622047,1,0.7874015748031495,3,2.3622047244094486,5,3.937007874015748,5,3.937007874015748,14,11.023622047244094,3,2.3622047244094486,9,7.086614173228346,3,2.3622047244094486,9,7.086614173228346,1,0.7874015748031495,7,5.511811023622047,5,3.937007874015748,2,1.574803149606299,6,4.724409448818897,14,11.023622047244094,15,11.811023622047244,10,7.874015748031496,5,3.937007874015748,3,2.3622047244094486,49,38.582677165354326,39,30.708661417322837,20,15.748031496062993,12,9.448818897637794,8,6.299212598425196,0.19685039370078738,0.33858267716535434,0.4409448818897638,0.9951478006456821,1.0384285714285713,0.9426071428571429,-0.0299212598425197,7.948838996887207,0.3620234304935437,31970,31970,1,0,0,0,2,0,Mixed,0,193.7795275590551
146,P58908,LECA_MACBI,Lectin alpha chain,ADTIVAVELDSYPNTDIGDPNYPHIGIDIKSIRSKSTARWNMQTGKVGTVHISYNSVAKRLSAVVSYTGSSSTTVSYDVDLNNVLPEWVRVGLSATTGLYKETNTILSWSFTSKLKTNSIADANSLHFTFNQFSQNPKDLILQGDATTDSDGNLELTKVSSSGDPQGNSVGRALFYAPVHIWEKSAVVASFDATFTFLIKSPDRDPADGITFFIANPDTSIPSGSGGRLLGLFPDAN,237,25490.9545,0.09282700421940929,30.043502109704647,Stable,17,7.172995780590717,0,0.0,19,8.016877637130802,5,2.109704641350211,11,4.641350210970464,17,7.172995780590717,4,1.6877637130801686,15,6.329113924050633,11,4.641350210970464,18,7.59493670886076,1,0.42194092827004215,15,6.329113924050633,12,5.063291139240507,5,2.109704641350211,7,2.9535864978902953,30,12.658227848101266,22,9.282700421940929,17,7.172995780590717,4,1.6877637130801686,7,2.9535864978902953,90,37.9746835443038,72,30.37974683544304,46,19.40928270042194,22,9.282700421940929,24,10.126582278481013,0.21940928270042195,0.3924050632911393,0.3966244725738397,1.002137896825397,1.0580119047619048,0.9384642857142858,-0.20548523206751057,5.104562187194824,-6.276881429364781,32430,32430,0,0,0,0,5,0,Mixed,0,206.60337552742618
