ProteinGroup,Accession,Uniprot,Description,Amino Acid Sequence,ProteinID,CleanSequence,SequenceLength,ValidSequenceLength,A_count,A_percent,C_count,C_percent,D_count,D_percent,E_count,E_percent,F_count,F_percent,G_count,G_percent,H_count,H_percent,I_count,I_percent,K_count,K_percent,L_count,L_percent,M_count,M_percent,N_count,N_percent,P_count,P_percent,Q_count,Q_percent,R_count,R_percent,S_count,S_percent,T_count,T_percent,V_count,V_percent,W_count,W_percent,Y_count,Y_percent,MolecularWeight,IsoelectricPoint,Charge_pH5.0,Charge_pH7.0,Charge_pH9.0,HelixFraction,TurnFraction,SheetFraction,PredictedSecondaryStructure,Aromaticity,InstabilityIndex,Stability,GRAVY_KyteDoolitle,GRAVY_Eisenberg,GRAVY_Fauchere,GRAVY_Rose,ExtinctionCoefficient_reduced,ExtinctionCoefficient_oxidized,PositivelyChargedResidues,NegativelyChargedResidues,NetCharge,ChargedResiduesRatio,PolarResidues,NonpolarResidues,PolarRatio,AromaticResidues,AromaticRatio,AliphaticResidues,AliphaticRatio,AliphaticIndex,CysteineCount,CysteineRatio,PotentialDisulfideBonds,NglycosylationSites,PotentialPhosphorylationSites,PredictedProteinClass
1,Q41358,SNAIB_SAMNI,Ribosome-inactivating protein SNAI,MRLVAKLLYLAVLAICGLGIHGALTHPRVTPPVYPSVSFNLTGADTYEPFLRALQEKVILGNHTAFDLPVLNPESQVSDSNRFVLVPLTNPSGDTVTLAIDVVNLYVVAFSSNGKSYFFSGSTAVQRDNLFVDTTQEELNFTGNYTSLERQVGFGRVYIPLGPKSLDQAISSLRTYTLTAGDTKPLARGLLVVIQMVSEAARFRYIELRIRTSITDASEFTPDLLMLSMENNWSSMSSEIQQAQPGGIFAGVVQLRDERNNSIEVTNFRRLFELTYIAVLLYGCAPVTSSSYSNNAIDAQIIKMPVFRGGEYEKVCSVVEVTRRISGWDGLCVDVRYGHYIDGNPVQLRPCGNECNQLWTFRTDGTIRWLGKCLTASSSVMIYDCNTVPPEATKWVVSIDGTITNPHSGLVLTAPQAAEGTALSLENNIHAARQGWTVGDVEPLVTFIVGYKQMCLRENGENNFVWLEDCVLNRVQQEWALYGDGTIRVNSNRSLCVTSEDHEPSDLIVILKCEGSGNQRWVFNTNGTISNPNAKLLMDVAQRDVSLRKIILYRPTGNPNQQWITTTHPA,Protein_0,MRLVAKLLYLAVLAICGLGIHGALTHPRVTPPVYPSVSFNLTGADTYEPFLRALQEKVILGNHTAFDLPVLNPESQVSDSNRFVLVPLTNPSGDTVTLAIDVVNLYVVAFSSNGKSYFFSGSTAVQRDNLFVDTTQEELNFTGNYTSLERQVGFGRVYIPLGPKSLDQAISSLRTYTLTAGDTKPLARGLLVVIQMVSEAARFRYIELRIRTSITDASEFTPDLLMLSMENNWSSMSSEIQQAQPGGIFAGVVQLRDERNNSIEVTNFRRLFELTYIAVLLYGCAPVTSSSYSNNAIDAQIIKMPVFRGGEYEKVCSVVEVTRRISGWDGLCVDVRYGHYIDGNPVQLRPCGNECNQLWTFRTDGTIRWLGKCLTASSSVMIYDCNTVPPEATKWVVSIDGTITNPHSGLVLTAPQAAEGTALSLENNIHAARQGWTVGDVEPLVTFIVGYKQMCLRENGENNFVWLEDCVLNRVQQEWALYGDGTIRVNSNRSLCVTSEDHEPSDLIVILKCEGSGNQRWVFNTNGTISNPNAKLLMDVAQRDVSLRKIILYRPTGNPNQQWITTTHPA,570,570,34,5.964912280701754,12,2.1052631578947367,26,4.56140350877193,29,5.087719298245614,20,3.508771929824561,40,7.017543859649122,8,1.4035087719298245,32,5.614035087719298,13,2.280701754385965,57,10.0,9,1.5789473684210527,37,6.491228070175438,28,4.912280701754386,23,4.035087719298246,33,5.7894736842105265,43,7.543859649122807,44,7.719298245614035,53,9.298245614035087,10,1.7543859649122806,19,3.3333333333333335,63100.9796,5.523920249938963,7.263732038061761,-8.842718534619074,-18.92341172273496,0.24912280701754386,0.30526315789473685,0.41228070175438597,Sheet,0.08596491228070174,30.327543859649115,Stable,-0.0692982456140351,0.07392982456140353,0.4467894736842105,0.7335964912280701,83310,84060,46,55,-9,0.17719298245614035,287,283,0.5035087719298246,49,0.08596491228070176,176,0.3087719298245614,93.82456140350878,12,0.021052631578947368,6,8,106,Globular Protein
2,P22972,LEC1_ULEEU,Anti-H(O) lectin 1,SDDLSFKFKNFSQNGKDLSFQGDASVIETGVLQLNKVGNNLPDETGGIARYIAPIHIWNCNTGEVASFITSFSFFMETSANPKAATDGLTFFLAPPDSPLRRAGGYFGLFEDTKDNDSSYQTVAVEFDTIGSPVNFDDPGFPHIGIDVNRVKSINAERWNKRYGLNNVANVEIIYEASSKTLTASLTYPSDQTSISVTSIVDLKEILPEWVSVGFSGGTYIGRQATHEVLNWYFTSNLINTNS,Protein_1,SDDLSFKFKNFSQNGKDLSFQGDASVIETGVLQLNKVGNNLPDETGGIARYIAPIHIWNCNTGEVASFITSFSFFMETSANPKAATDGLTFFLAPPDSPLRRAGGYFGLFEDTKDNDSSYQTVAVEFDTIGSPVNFDDPGFPHIGIDVNRVKSINAERWNKRYGLNNVANVEIIYEASSKTLTASLTYPSDQTSISVTSIVDLKEILPEWVSVGFSGGTYIGRQATHEVLNWYFTSNLINTNS,243,243,15,6.172839506172839,1,0.411522633744856,16,6.584362139917696,12,4.938271604938271,17,6.995884773662551,19,7.818930041152264,3,1.2345679012345678,17,6.995884773662551,10,4.11522633744856,16,6.584362139917696,1,0.411522633744856,20,8.23045267489712,11,4.526748971193416,6,2.4691358024691357,7,2.880658436213992,25,10.2880658436214,19,7.818930041152264,16,6.584362139917696,4,1.646090534979424,8,3.292181069958848,26669.1822,4.633764839172363,-4.009423059145739,-11.254626264683633,-14.131533585363648,0.2222222222222222,0.37448559670781895,0.3991769547325103,Sheet,0.11934156378600824,33.73168724279836,Stable,-0.23909465020576132,0.08469135802469135,0.3860493827160494,0.7236213991769548,33920,33920,17,28,-11,0.18518518518518517,127,116,0.522633744855967,29,0.11934156378600823,64,0.26337448559670784,78.23045267489711,1,0.00411522633744856,0,2,52,Aromatic-rich Protein
4,A8WDZ4,A8WDZ4_CANEN,Concanavalin A,MAISKKSSLFLPIFTFITMFLMVVNKVSSSTHETNALHFMFNQFSKDQKDLILQGDATTGTDGNLELTRVSSNGSPQGSSVGRALFYAPVHIWESSAVVASFEATFTFLIKSPDSHPADGIAFFISNIDSSIPSGSTGRLLGLFPDANVIRNSTTIDFNAAYNADTIVAVELDTYPNTDIGDPSYPHIGIDIKSVRSKKTAKWNMQNGKVGTAHIIYNSVDKRLSAVVSYPNADSATVSYDVDLDNVLPEWVRVGLSASTGLYKETNTILSWSFTSKLKSNEIPDIATVV,Protein_2,MAISKKSSLFLPIFTFITMFLMVVNKVSSSTHETNALHFMFNQFSKDQKDLILQGDATTGTDGNLELTRVSSNGSPQGSSVGRALFYAPVHIWESSAVVASFEATFTFLIKSPDSHPADGIAFFISNIDSSIPSGSTGRLLGLFPDANVIRNSTTIDFNAAYNADTIVAVELDTYPNTDIGDPSYPHIGIDIKSVRSKKTAKWNMQNGKVGTAHIIYNSVDKRLSAVVSYPNADSATVSYDVDLDNVLPEWVRVGLSASTGLYKETNTILSWSFTSKLKSNEIPDIATVV,290,290,22,7.586206896551724,0,0.0,20,6.896551724137931,8,2.7586206896551726,16,5.517241379310345,16,5.517241379310345,6,2.0689655172413794,22,7.586206896551724,15,5.172413793103448,21,7.241379310344827,5,1.7241379310344827,18,6.206896551724138,13,4.482758620689655,5,1.7241379310344827,7,2.413793103448276,37,12.758620689655173,24,8.275862068965518,23,7.931034482758621,4,1.3793103448275863,8,2.7586206896551726,31480.050000000003,5.469297981262207,3.2320252228358832,-5.9547482906255915,-9.081823205556805,0.24482758620689654,0.3586206896551724,0.4068965517241379,Sheet,0.09655172413793105,31.053482758620692,Stable,-0.020689655172413807,0.12144827586206897,0.42141379310344823,0.7272413793103448,33920,33920,22,28,-6,0.1724137931034483,148,142,0.5103448275862069,28,0.09655172413793103,88,0.30344827586206896,88.41379310344828,0,0.0,0,2,69,Globular Protein
6,P09382,LEG1_HUMAN,Galectin-1,MACGLVASNLNLKPGECLRVRGEVAPDAKSFVLNLGKDSNNLCLHFNPRFNAHGDANTIVCNSKDGGAWGTEQREAVFPFQPGSVAEVCITFDQANLTVKLPDGYEFKFPNRLNLEAINYMAADGDFKIKCVAFD,Protein_3,MACGLVASNLNLKPGECLRVRGEVAPDAKSFVLNLGKDSNNLCLHFNPRFNAHGDANTIVCNSKDGGAWGTEQREAVFPFQPGSVAEVCITFDQANLTVKLPDGYEFKFPNRLNLEAINYMAADGDFKIKCVAFD,135,135,14,10.37037037037037,6,4.444444444444445,9,6.666666666666667,7,5.185185185185185,10,7.407407407407407,11,8.148148148148149,2,1.4814814814814814,4,2.962962962962963,8,5.925925925925926,12,8.88888888888889,2,1.4814814814814814,13,9.62962962962963,7,5.185185185185185,3,2.2222222222222223,5,3.7037037037037037,5,3.7037037037037037,4,2.962962962962963,10,7.407407407407407,1,0.7407407407407407,2,1.4814814814814814,14715.545499999998,5.334987449645996,1.508751173666619,-3.361801902155177,-7.901943019243321,0.31851851851851853,0.3333333333333333,0.31851851851851853,Turn,0.0962962962962963,24.134814814814792,Stable,-0.15111111111111114,0.056074074074074075,0.37933333333333336,0.7288888888888889,8480,8855,13,16,-3,0.21481481481481482,64,71,0.4740740740740741,13,0.0962962962962963,40,0.2962962962962963,78.07407407407408,6,0.044444444444444446,3,1,11,Highly Stable Protein
7,P16045,LEG1_MOUSE,Galectin-1,MACGLVASNLNLKPGECLKVRGEVASDAKSFVLNLGKDSNNLCLHFNPRFNAHGDANTIVCNTKEDGTWGTEHREPAFPFQPGSITEVCITFDQADLTIKLPDGHEFKFPNRLNMEAINYMAADGDFKIKCVAFE,Protein_4,MACGLVASNLNLKPGECLKVRGEVASDAKSFVLNLGKDSNNLCLHFNPRFNAHGDANTIVCNTKEDGTWGTEHREPAFPFQPGSITEVCITFDQADLTIKLPDGHEFKFPNRLNMEAINYMAADGDFKIKCVAFE,135,135,12,8.88888888888889,6,4.444444444444445,9,6.666666666666667,9,6.666666666666667,10,7.407407407407407,10,7.407407407407407,4,2.962962962962963,6,4.444444444444445,9,6.666666666666667,11,8.148148148148149,3,2.2222222222222223,12,8.88888888888889,7,5.185185185185185,2,1.4814814814814814,4,2.962962962962963,5,3.7037037037037037,7,5.185185185185185,7,5.185185185185185,1,0.7407407407407407,1,0.7407407407407407,14865.698900000001,5.32009563446045,1.856961306471435,-5.179766223639392,-9.898958738393297,0.32592592592592595,0.31851851851851853,0.31851851851851853,Helix,0.08888888888888888,20.87629629629629,Stable,-0.2644444444444445,0.036444444444444446,0.36814814814814817,0.727037037037037,6990,7365,13,18,-5,0.22962962962962963,68,67,0.5037037037037037,12,0.08888888888888889,36,0.26666666666666666,73.03703703703704,6,0.044444444444444446,3,0,13,Highly Stable Protein
8,P18891,LECF_ALEAU,Fucose-specific lectin,MPTEFLYTSKIAAISWAATGGRQQRVYFQDLNGKIREAQRGGDNPWTGGSSQNVIGEAKLFSPLAAVTWKSAQGIQIRVYCVNKDNILSEFVYDGSKWITGQLGSVGVKVGSNSKLAALQWGGSESAPPNIRVYYQKSNGSGSSIHEYVWSGKWTAGASFGSTVPGTGIGATAIGPGRLRIYYQATDNKIREHCWDSNSWYVGGFSASASAGVSIAAISWGSTPNIRVYWQKGREELYEAAYGGSWNTPGQIKDASRPTPSLPDTFIAANSSGNIDISVFFQASGVSLQQWQWISGKGWSIGAVVPTGTPAGW,Protein_5,MPTEFLYTSKIAAISWAATGGRQQRVYFQDLNGKIREAQRGGDNPWTGGSSQNVIGEAKLFSPLAAVTWKSAQGIQIRVYCVNKDNILSEFVYDGSKWITGQLGSVGVKVGSNSKLAALQWGGSESAPPNIRVYYQKSNGSGSSIHEYVWSGKWTAGASFGSTVPGTGIGATAIGPGRLRIYYQATDNKIREHCWDSNSWYVGGFSASASAGVSIAAISWGSTPNIRVYWQKGREELYEAAYGGSWNTPGQIKDASRPTPSLPDTFIAANSSGNIDISVFFQASGVSLQQWQWISGKGWSIGAVVPTGTPAGW,313,313,30,9.584664536741213,2,0.6389776357827476,9,2.8753993610223643,10,3.194888178913738,9,2.8753993610223643,41,13.099041533546325,2,0.6389776357827476,23,7.348242811501597,14,4.472843450479234,12,3.8338658146964857,1,0.3194888178913738,14,4.472843450479234,14,4.472843450479234,17,5.431309904153355,12,3.8338658146964857,38,12.140575079872205,17,5.431309904153355,19,6.0702875399361025,16,5.111821086261981,13,4.15335463258786,33528.9117,9.316213417053223,11.94096620721644,6.66599952627017,2.5456620454554084,0.21405750798722045,0.3706070287539936,0.3482428115015974,Turn,0.12140575079872204,28.44376996805111,Stable,-0.2792332268370607,0.10380191693290736,0.39926517571884984,0.7225878594249201,107370,107495,26,19,7,0.14376996805111822,148,165,0.4728434504792332,38,0.12140575079872204,84,0.268370607028754,70.79872204472842,2,0.006389776357827476,1,2,68,Aromatic-rich Protein
9,P18674,LECA_MACPO,Agglutinin alpha chain,GVTFDDGAYTGIREINFEYNSETAIGGLRVTYDLNGMPFVAEDHKSFITGFKPVKISLEFPSEYIVEVSGYVGKVEGYTVIRSLTFKTNKQTYGPYGVTNGTPFSLPIENGLIVGFKGSIGYWLDYFSIYLSL,Protein_6,GVTFDDGAYTGIREINFEYNSETAIGGLRVTYDLNGMPFVAEDHKSFITGFKPVKISLEFPSEYIVEVSGYVGKVEGYTVIRSLTFKTNKQTYGPYGVTNGTPFSLPIENGLIVGFKGSIGYWLDYFSIYLSL,133,133,3,2.255639097744361,0,0.0,5,3.7593984962406015,9,6.7669172932330826,10,7.518796992481203,17,12.781954887218046,1,0.7518796992481203,11,8.270676691729323,7,5.2631578947368425,9,6.7669172932330826,1,0.7518796992481203,6,4.511278195488722,6,4.511278195488722,1,0.7518796992481203,3,2.255639097744361,10,7.518796992481203,11,8.270676691729323,11,8.270676691729323,1,0.7518796992481203,11,8.270676691729323,14757.480599999999,4.889028739929199,-0.5806077462264305,-4.139838252780017,-6.607439832153984,0.21804511278195488,0.3308270676691729,0.48120300751879697,Sheet,0.16541353383458646,21.107518796992466,Stable,0.003007518796992464,0.1956390977443609,0.48804511278195484,0.7343609022556391,21890,21890,10,14,-4,0.18045112781954886,64,69,0.48120300751879697,22,0.16541353383458646,34,0.2556390977443609,84.88721804511277,0,0.0,0,1,32,Membrane Protein
10,P10968,AGI1_WHEAT,Agglutinin isolectin 1,MKMMSTRALALGAAAVLAFAAATAQAQRCGEQGSNMECPNNLCCSQYGYCGMGGDYCGKGCQNGACWTSKRCGSQAGGATCTNNQCCSQYGYCGFGAEYCGAGCQGGPCRADIKCGSQAGGKLCPNNLCCSQWGFCGLGSEFCGGGCQSGACSTDKPCGKDAGGRVCTNNYCCSKWGSCGIGPGYCGAGCQSGGCDGVFAEAITANSTLLQE,Protein_7,MKMMSTRALALGAAAVLAFAAATAQAQRCGEQGSNMECPNNLCCSQYGYCGMGGDYCGKGCQNGACWTSKRCGSQAGGATCTNNQCCSQYGYCGFGAEYCGAGCQGGPCRADIKCGSQAGGKLCPNNLCCSQWGFCGLGSEFCGGGCQSGACSTDKPCGKDAGGRVCTNNYCCSKWGSCGIGPGYCGAGCQSGGCDGVFAEAITANSTLLQE,212,212,24,11.320754716981131,32,15.09433962264151,5,2.358490566037736,6,2.830188679245283,5,2.358490566037736,42,19.81132075471698,0,0.0,3,1.4150943396226414,8,3.7735849056603774,9,4.245283018867925,5,2.358490566037736,11,5.188679245283019,5,2.358490566037736,14,6.60377358490566,5,2.358490566037736,15,7.0754716981132075,9,4.245283018867925,3,1.4150943396226414,3,1.4150943396226414,8,3.7735849056603774,21238.7967,7.574500465393067,4.170309349490806,1.1951928451949811,-16.449358039967727,0.24528301886792453,0.36792452830188677,0.18867924528301888,Turn,0.07547169811320754,30.75424528301885,Stable,-0.13632075471698113,0.08622641509433963,0.40382075471698115,0.7380188679245283,28420,30420,13,11,2,0.11320754716981132,113,99,0.5330188679245284,16,0.07547169811320754,39,0.18396226415094338,37.5,32,0.1509433962264151,16,1,32,Disulfide-rich Protein
13,P17931,LEG3_HUMAN,Galectin-3,MADNFSLHDALSGSGNPNPQGWPGAWGNQPAGAGGYPGASYPGAYPGQAPPGAYPGQAPPGAYPGAPGAYPGAPAPGVYPGPPSGPGAYPSSGQPSATGAYPATGPYGAPAGPLIVPYNLPLPGGVVPRMLITILGTVKPNANRIALDFQRGNDVAFHFNPRFNENNRRVIVCNTKLDNNWGREERQSVFPFESGKPFKIQVLVEPDHFKVAVNDAHLLQYNHRVKKLNEISKLGISGDIDLTSASYTMI,Protein_8,MADNFSLHDALSGSGNPNPQGWPGAWGNQPAGAGGYPGASYPGAYPGQAPPGAYPGQAPPGAYPGAPGAYPGAPAPGVYPGPPSGPGAYPSSGQPSATGAYPATGPYGAPAGPLIVPYNLPLPGGVVPRMLITILGTVKPNANRIALDFQRGNDVAFHFNPRFNENNRRVIVCNTKLDNNWGREERQSVFPFESGKPFKIQVLVEPDHFKVAVNDAHLLQYNHRVKKLNEISKLGISGDIDLTSASYTMI,250,250,27,10.8,1,0.4,9,3.6,6,2.4,9,3.6,34,13.6,5,2.0,10,4.0,8,3.2,15,6.0,3,1.2,18,7.2,36,14.4,9,3.6,9,3.6,14,5.6,7,2.8,14,5.6,3,1.2,13,5.2,26151.9963,8.575922966003418,8.777282724670462,1.9322052389341042,-1.4031368938971234,0.23600000000000002,0.44400000000000006,0.284,Turn,0.1,28.670399999999997,Stable,-0.39520000000000005,0.10824,0.38715999999999995,0.7163200000000001,35870,35870,17,15,2,0.128,99,151,0.396,25,0.1,66,0.264,66.03999999999999,1,0.004,0,1,34,Highly Stable Protein
16,Q71QF2,Q71QF2_AMACA,Agglutinin,MAGLPVIMCLKSNNNQKYLRYQSDNIQQYGLLQFSADKILDPLAQFEVEPSKTYDGLVHIKSRYTNKYLVRWSPNHYWITASANEPDENKSNWACTLFKPLYVEEGNMKKVRLLHVQLGHYTQNYTVGGSFVSYLFAESSQIDTGSKDVFHVIDWKSIFQFPKRYVTFKGNNGKYLGVITINQLPCLQFGYDNLNDPKVAHEMFVTSNGTICIKSTYMNKFWRLSTDDWILVDGNDPRETNEAAALFRSDVHDFNVISLLNMQKTWFIKRFTSGKPGFINCMNAATQNVDETAILEIIELGSNN,Protein_9,MAGLPVIMCLKSNNNQKYLRYQSDNIQQYGLLQFSADKILDPLAQFEVEPSKTYDGLVHIKSRYTNKYLVRWSPNHYWITASANEPDENKSNWACTLFKPLYVEEGNMKKVRLLHVQLGHYTQNYTVGGSFVSYLFAESSQIDTGSKDVFHVIDWKSIFQFPKRYVTFKGNNGKYLGVITINQLPCLQFGYDNLNDPKVAHEMFVTSNGTICIKSTYMNKFWRLSTDDWILVDGNDPRETNEAAALFRSDVHDFNVISLLNMQKTWFIKRFTSGKPGFINCMNAATQNVDETAILEIIELGSNN,304,304,14,4.605263157894737,5,1.644736842105263,17,5.592105263157895,13,4.276315789473684,17,5.592105263157895,17,5.592105263157895,7,2.3026315789473686,19,6.25,21,6.907894736842105,26,8.552631578947368,7,2.3026315789473686,27,8.881578947368421,11,3.6184210526315788,14,4.605263157894737,9,2.960526315789474,21,6.907894736842105,18,5.921052631578948,19,6.25,7,2.3026315789473686,15,4.934210526315789,34929.2396,7.037656211853027,10.93331177312173,0.08060396139345372,-6.764578052928602,0.26644736842105265,0.305921052631579,0.3980263157894737,Sheet,0.12828947368421054,32.77269736842106,Stable,-0.3625,0.028157894736842107,0.4108881578947368,0.725328947368421,60850,61100,30,30,0,0.19736842105263158,167,137,0.5493421052631579,39,0.12828947368421054,78,0.2565789473684211,80.46052631578947,5,0.01644736842105263,2,3,54,Aromatic-rich Protein
17,P18670,LECA_ARTIN,Agglutinin alpha chain,GKAFDDGAFTGIREINLSYNKETAIGDFQVVYDLNGSPYVGQNHKSFITGFTPVKISLDFPSEYIMEVSGYTGNVSGYVVVRSLTFKTNKKTYGPYGVTSGTPFNLPIENGLIVGFKGSIGYWLDYFSMYLSL,Protein_10,GKAFDDGAFTGIREINLSYNKETAIGDFQVVYDLNGSPYVGQNHKSFITGFTPVKISLDFPSEYIMEVSGYTGNVSGYVVVRSLTFKTNKKTYGPYGVTSGTPFNLPIENGLIVGFKGSIGYWLDYFSMYLSL,133,133,3,2.255639097744361,0,0.0,6,4.511278195488722,5,3.7593984962406015,10,7.518796992481203,17,12.781954887218046,1,0.7518796992481203,9,6.7669172932330826,8,6.015037593984962,9,6.7669172932330826,2,1.5037593984962405,8,6.015037593984962,6,4.511278195488722,2,1.5037593984962405,2,1.5037593984962405,12,9.022556390977444,10,7.518796992481203,11,8.270676691729323,1,0.7518796992481203,11,8.270676691729323,14662.3645,5.730700492858888,1.6407833982029167,-1.150948340832013,-3.697451434145453,0.20300751879699247,0.368421052631579,0.45864661654135336,Sheet,0.16541353383458646,19.977443609022547,Stable,-0.05263157894736844,0.1824812030075188,0.47060150375939847,0.7314285714285714,21890,21890,10,11,-1,0.15789473684210525,65,68,0.48872180451127817,22,0.16541353383458646,32,0.24060150375939848,79.02255639097744,0,0.0,0,3,33,Beta-sheet Protein
19,B2ZRS9,CNL_CLINE,Ricin B-like lectin,MSITPGTYNITNVAYTNRLIDLTGSNPAENTLIIGHHLNKTPSGYGNQQWTLVQLPHTTIYTMQAVNPQSYVRVRDDNLVDGAALVGSQQPTPVSIESAGNSGQFRIKIPNLGLALTLPSDANSTPIVLGEVDETSTNQLWAFESVSAV,Protein_11,MSITPGTYNITNVAYTNRLIDLTGSNPAENTLIIGHHLNKTPSGYGNQQWTLVQLPHTTIYTMQAVNPQSYVRVRDDNLVDGAALVGSQQPTPVSIESAGNSGQFRIKIPNLGLALTLPSDANSTPIVLGEVDETSTNQLWAFESVSAV,149,149,10,6.7114093959731544,0,0.0,6,4.026845637583893,5,3.3557046979865772,2,1.342281879194631,11,7.382550335570469,3,2.0134228187919465,10,6.7114093959731544,2,1.342281879194631,14,9.395973154362416,2,1.342281879194631,13,8.724832214765101,10,6.7114093959731544,9,6.040268456375839,4,2.684563758389262,13,8.724832214765101,16,10.738255033557047,12,8.053691275167786,2,1.342281879194631,5,3.3557046979865772,15992.653999999999,4.867373085021971,-0.5554202758591931,-5.224378878782787,-6.627384622276439,0.2214765100671141,0.35570469798657717,0.40939597315436244,Sheet,0.06040268456375839,23.057046979865763,Stable,-0.1691275167785235,0.11080536912751679,0.41939597315436244,0.7248993288590604,18450,18450,6,11,-5,0.11409395973154363,76,73,0.5100671140939598,9,0.06040268456375839,46,0.3087248322147651,92.88590604026845,0,0.0,0,3,34,Highly Stable Protein
27,P30617,LEC_GALNI,Mannose-specific lectin,MAKASLLILAAIFLGVITPSCLSDNILYSGETLSTGEFLNYGSFVFIMQEDCNLVLYDVDKPIWATNTGGLSRSCFLSMQTDGNLVVYNPSNKPIWASNTGGQNGNYVCILQKDRNVVIYGTDRWATGTHTGLVGIPASPPSEKYPTAGKIKLVTAK,Protein_12,MAKASLLILAAIFLGVITPSCLSDNILYSGETLSTGEFLNYGSFVFIMQEDCNLVLYDVDKPIWATNTGGLSRSCFLSMQTDGNLVVYNPSNKPIWASNTGGQNGNYVCILQKDRNVVIYGTDRWATGTHTGLVGIPASPPSEKYPTAGKIKLVTAK,157,157,10,6.369426751592357,4,2.5477707006369426,7,4.45859872611465,4,2.5477707006369426,5,3.1847133757961785,15,9.554140127388536,1,0.6369426751592356,11,7.006369426751593,8,5.095541401273885,16,10.19108280254777,3,1.910828025477707,11,7.006369426751593,8,5.095541401273885,4,2.5477707006369426,3,1.910828025477707,13,8.280254777070065,13,8.280254777070065,11,7.006369426751593,3,1.910828025477707,7,4.45859872611465,16917.1959,6.53531322479248,2.514686889233065,-0.44800292481337145,-4.355583474417148,0.2611464968152866,0.3439490445859873,0.42038216560509556,Sheet,0.09554140127388534,28.83503184713374,Stable,0.0968152866242038,0.17477707006369428,0.4978343949044586,0.7343312101910828,26930,27180,11,11,0,0.14012738853503184,75,82,0.47770700636942676,15,0.09554140127388536,48,0.3057324840764331,93.7579617834395,4,0.025477707006369428,2,0,33,Membrane Protein
28,B3SV73,B3SV73_EUOEU,Lectin 1,MASTIIATGPTYRVYCRAAPNYNMTVGKGVAFLAPIDETNELQYWYKDDTYSYIKDEAGLPAFSLVNKATGLTLKHSNHHPVPVKLVTYNPNVVDESVLWSQADDRGDGYSAIRSLTNPASHLEAAPLNDWSYNGAIIMGGVWIDAYNQQWKIEPHTG,Protein_13,MASTIIATGPTYRVYCRAAPNYNMTVGKGVAFLAPIDETNELQYWYKDDTYSYIKDEAGLPAFSLVNKATGLTLKHSNHHPVPVKLVTYNPNVVDESVLWSQADDRGDGYSAIRSLTNPASHLEAAPLNDWSYNGAIIMGGVWIDAYNQQWKIEPHTG,158,158,16,10.126582278481013,1,0.6329113924050633,10,6.329113924050633,6,3.7974683544303796,2,1.2658227848101267,11,6.962025316455696,5,3.1645569620253164,9,5.69620253164557,7,4.430379746835443,11,6.962025316455696,3,1.8987341772151898,11,6.962025316455696,10,6.329113924050633,4,2.5316455696202533,4,2.5316455696202533,10,6.329113924050633,11,6.962025316455696,11,6.962025316455696,5,3.1645569620253164,11,6.962025316455696,17508.3689,5.395293617248535,1.8781958527271367,-5.063626997629045,-8.125403396116193,0.2721518987341772,0.3291139240506329,0.37974683544303794,Sheet,0.11392405063291139,20.12784810126582,Stable,-0.33924050632911396,0.08525316455696202,0.40645569620253164,0.7243670886075949,43890,43890,11,16,-5,0.17088607594936708,80,78,0.5063291139240507,18,0.11392405063291139,47,0.2974683544303797,79.68354430379748,1,0.006329113924050633,0,1,32,Aromatic-rich Protein
30,P05045,LEC1_VIGUC,Seed lectin subunit I,MASSTVSVVLSLFLLLLTQANSANIQSFSFKNFNSPSFILQGDATVSSGKLQLTKVKENGIPTPSSLGRAFYSSPIQIYDKSTGAVASWATSFTVKISAPSKASFADGIAFALVPVGSEPRRNGGYLGVFDSDVYNNSAQTVAVEFDTFSNSGWDPSMKHIGIDVNSIKSIATVSWDLANGENAEILITYNAATSLLVASLVHPSRRTSYILSERVDITNELPEYVSVGFSATTGLSEGYIETHDVLSWSFASKLPDDSTAEPLDLASYLVRNVL,Protein_14,MASSTVSVVLSLFLLLLTQANSANIQSFSFKNFNSPSFILQGDATVSSGKLQLTKVKENGIPTPSSLGRAFYSSPIQIYDKSTGAVASWATSFTVKISAPSKASFADGIAFALVPVGSEPRRNGGYLGVFDSDVYNNSAQTVAVEFDTFSNSGWDPSMKHIGIDVNSIKSIATVSWDLANGENAEILITYNAATSLLVASLVHPSRRTSYILSERVDITNELPEYVSVGFSATTGLSEGYIETHDVLSWSFASKLPDDSTAEPLDLASYLVRNVL,275,275,25,9.090909090909092,0,0.0,14,5.090909090909091,11,4.0,14,5.090909090909091,16,5.818181818181818,3,1.0909090909090908,16,5.818181818181818,10,3.6363636363636362,26,9.454545454545455,2,0.7272727272727273,15,5.454545454545454,12,4.363636363636363,6,2.1818181818181817,7,2.5454545454545454,43,15.636363636363637,19,6.909090909090909,23,8.363636363636363,4,1.4545454545454546,9,3.272727272727273,29405.552399999997,4.837589454650878,-1.4292571717643376,-8.210568031112782,-10.721031857503277,0.2690909090909091,0.36363636363636365,0.4036363636363636,Sheet,0.09818181818181819,38.29930909090909,Stable,0.09345454545454544,0.1544727272727273,0.4404,0.7283272727272727,35410,35410,17,25,-8,0.15272727272727274,137,138,0.49818181818181817,27,0.09818181818181818,90,0.32727272727272727,92.90909090909089,0,0.0,0,1,71,Membrane Protein
33,Q2F1K8,Q2F1K8_HELPO,Agglutinin,MQAFYSGLLLLCVVAFAAAQRVQSGKIDCGNDAGWAKVPSDDPGRDNTRELAKNITFASPYCRPPVVLLSITQLDVEQSQNLRVIARLYSVSPTGFKASCYTWHNTKVYSMSISWISIENY,Protein_15,MQAFYSGLLLLCVVAFAAAQRVQSGKIDCGNDAGWAKVPSDDPGRDNTRELAKNITFASPYCRPPVVLLSITQLDVEQSQNLRVIARLYSVSPTGFKASCYTWHNTKVYSMSISWISIENY,121,121,11,9.090909090909092,4,3.3057851239669422,6,4.958677685950414,3,2.479338842975207,4,3.3057851239669422,6,4.958677685950414,1,0.8264462809917356,7,5.785123966942149,5,4.132231404958677,10,8.264462809917354,2,1.6528925619834711,6,4.958677685950414,6,4.958677685950414,6,4.958677685950414,6,4.958677685950414,13,10.743801652892563,6,4.958677685950414,10,8.264462809917354,3,2.479338842975207,6,4.958677685950414,13426.188600000001,8.385483360290529,4.193973564469532,1.552031856569572,-1.9949835168714447,0.256198347107438,0.30578512396694213,0.3801652892561983,Sheet,0.10743801652892562,46.8794214876033,Unstable,-0.033057851239669436,0.07892561983471075,0.4671074380165289,0.7323140495867768,25440,25690,11,9,2,0.1652892561983471,62,59,0.512396694214876,13,0.10743801652892562,38,0.3140495867768595,87.85123966942149,4,0.03305785123966942,2,1,25,Aromatic-rich Protein
34,P29257,LEC2_CYTSC,2-acetamido-2-deoxy-D-galactose-binding seed lectin 2,SEELSFSFTKFKTDQKNLILQRDALITPTGKLQLTTVENGKPAAYSLGRALYSTPIHIWDKSTGDEASFATFFSFVISDAPNPSTAATDGLAFFLAPADTQPQSAGGYLGLFEKDSSYNSSNQIVAVEFDTYYNSAWDPQTNPHIGIDVNTIKSKKVSSWGFKNGNVATVLITYQPSSKSLVASLVYPSGQTSDKTSYIISANVDLKATVPEWVRIGFSATTGQTDNYIETHDILSWSFKSKLPATKN,Protein_16,SEELSFSFTKFKTDQKNLILQRDALITPTGKLQLTTVENGKPAAYSLGRALYSTPIHIWDKSTGDEASFATFFSFVISDAPNPSTAATDGLAFFLAPADTQPQSAGGYLGLFEKDSSYNSSNQIVAVEFDTYYNSAWDPQTNPHIGIDVNTIKSKKVSSWGFKNGNVATVLITYQPSSKSLVASLVYPSGQTSDKTSYIISANVDLKATVPEWVRIGFSATTGQTDNYIETHDILSWSFKSKLPATKN,248,248,21,8.46774193548387,0,0.0,15,6.048387096774194,8,3.225806451612903,14,5.645161290322581,14,5.645161290322581,3,1.2096774193548387,15,6.048387096774194,17,6.854838709677419,18,7.258064516129032,0,0.0,13,5.241935483870968,13,5.241935483870968,10,4.032258064516129,3,1.2096774193548387,31,12.5,25,10.080645161290322,13,5.241935483870968,5,2.0161290322580645,10,4.032258064516129,27027.7322,5.605711555480957,3.0102231193711226,-3.266038892808318,-6.445843351748149,0.25806451612903225,0.3467741935483871,0.4032258064516129,Sheet,0.11693548387096775,27.33064516129032,Stable,-0.27862903225806457,0.07762096774193548,0.38048387096774194,0.7157258064516129,42400,42400,20,23,-3,0.17338709677419356,135,113,0.5443548387096774,29,0.11693548387096774,67,0.2701612903225806,75.56451612903226,0,0.0,0,1,66,Aromatic-rich Protein
36,P02870,LEC_LENCU,Lectin,MASLQTQMISFYLIFLSILLTTIFFFKVNSTETTSFSITKFSPDQKNLIFQGDGYTTKGKLTLTKAVKSTVGRALYSTPIHIWDRDTGNVANFVTSFTFVIDAPSSYNVADEFTFFIAPVDTKPQTGGGYLGVFNSKEYDKTSQTVAVEFDTFYNAAWDPSNKERHIGIDVNSIKSVNTKSWNLQNGERANVVIAFNAATNVLTVTLTYPNSLEEENVTSYTLNEVVPLKDVVPEWVRIGFSATTGAEFAAHEVHSWSFHSELGGTSSSKQAADA,Protein_17,MASLQTQMISFYLIFLSILLTTIFFFKVNSTETTSFSITKFSPDQKNLIFQGDGYTTKGKLTLTKAVKSTVGRALYSTPIHIWDRDTGNVANFVTSFTFVIDAPSSYNVADEFTFFIAPVDTKPQTGGGYLGVFNSKEYDKTSQTVAVEFDTFYNAAWDPSNKERHIGIDVNSIKSVNTKSWNLQNGERANVVIAFNAATNVLTVTLTYPNSLEEENVTSYTLNEVVPLKDVVPEWVRIGFSATTGAEFAAHEVHSWSFHSELGGTSSSKQAADA,275,275,21,7.636363636363637,0,0.0,13,4.7272727272727275,14,5.090909090909091,21,7.636363636363637,15,5.454545454545454,5,1.8181818181818181,15,5.454545454545454,15,5.454545454545454,17,6.181818181818182,2,0.7272727272727273,18,6.545454545454546,9,3.272727272727273,8,2.909090909090909,5,1.8181818181818181,27,9.818181818181818,32,11.636363636363637,24,8.727272727272727,5,1.8181818181818181,9,3.272727272727273,30351.528799999996,5.236485481262206,1.9398467964530433,-7.033884034818826,-10.171597818113728,0.2509090909090909,0.2981818181818182,0.44727272727272727,Sheet,0.1272727272727273,26.49534545454545,Stable,-0.10836363636363638,0.11669090909090911,0.4166181818181818,0.7266181818181818,40910,40910,20,27,-7,0.1709090909090909,146,129,0.5309090909090909,35,0.12727272727272726,77,0.28,78.32727272727273,0,0.0,0,2,68,Aromatic-rich Protein
38,G9M5T0,G9M5T0_SOLLC,Lectin,MKETLIISVLCVVTLQYLFLVSADRLSLPHNETFGMPLSSPPPHEPSPPPPYPRCGMGGGDGKCKSNACCSIWSWCGTTESFCAPQNCQSQCPHTPSPPPPSPPPPSPSPPPPSPPPPSPSPPPPTPSPPPPAPSPPPPSPPPPSPSPPPPSPPPPSPSPPPPTPSPPPPSPSPQPPTPSPPPPAPSPPPPYPRCGMGGGGGKCKSNECCSIWSWCGTTESYCAPQNCQSQCPHTPSPSPPPTPPPPYPRCGMGGGGGKCKSNECCSIWSWCGTTESYCAPQNCQSQCPHTPSPSPPPTPPPPYPRCGMGGGGGKCKSNECCSIWSWCGTTESYCAPQNCQSQCKKNIISSVMNPMNVTYGIESF,Protein_18,MKETLIISVLCVVTLQYLFLVSADRLSLPHNETFGMPLSSPPPHEPSPPPPYPRCGMGGGDGKCKSNACCSIWSWCGTTESFCAPQNCQSQCPHTPSPPPPSPPPPSPSPPPPSPPPPSPSPPPPTPSPPPPAPSPPPPSPPPPSPSPPPPSPPPPSPSPPPPTPSPPPPSPSPQPPTPSPPPPAPSPPPPYPRCGMGGGGGKCKSNECCSIWSWCGTTESYCAPQNCQSQCPHTPSPSPPPTPPPPYPRCGMGGGGGKCKSNECCSIWSWCGTTESYCAPQNCQSQCPHTPSPSPPPTPPPPYPRCGMGGGGGKCKSNECCSIWSWCGTTESYCAPQNCQSQCKKNIISSVMNPMNVTYGIESF,365,365,8,2.191780821917808,33,9.04109589041096,2,0.547945205479452,11,3.0136986301369864,4,1.095890410958904,29,7.945205479452055,5,1.36986301369863,9,2.4657534246575343,11,3.0136986301369864,8,2.191780821917808,8,2.191780821917808,12,3.287671232876712,110,30.136986301369863,14,3.835616438356164,5,1.36986301369863,53,14.520547945205479,20,5.47945205479452,6,1.643835616438356,8,2.191780821917808,9,2.4657534246575343,37769.6443,7.825962257385255,10.167267026075573,2.6226195396519323,-16.308169424227557,0.12602739726027398,0.5643835616438356,0.17534246575342466,Turn,0.057534246575342465,116.87424657534292,Unstable,-0.7161643835616439,0.04065753424657534,0.4991506849315068,0.7045753424657535,57410,59410,16,13,3,0.07945205479452055,175,190,0.4794520547945205,21,0.057534246575342465,31,0.08493150684931507,25.123287671232873,33,0.09041095890410959,16,2,82,Disulfide-rich Protein
39,C0HM45,LEC_NARPS,Mannose-specific lectin,DNILYSGETLSPGEFLNNGRYVFIMQEDCNLVLYDVDKPIWATNTGGLDRRCHLSMQSDGNLVVYSPRNNPIWASNTGGENGNYVCVLQKDRNVVIYGTARWATGTNIH,Protein_19,DNILYSGETLSPGEFLNNGRYVFIMQEDCNLVLYDVDKPIWATNTGGLDRRCHLSMQSDGNLVVYSPRNNPIWASNTGGENGNYVCVLQKDRNVVIYGTARWATGTNIH,109,109,4,3.669724770642202,3,2.7522935779816513,7,6.422018348623853,4,3.669724770642202,2,1.834862385321101,11,10.091743119266056,2,1.834862385321101,6,5.504587155963303,2,1.834862385321101,9,8.256880733944953,2,1.834862385321101,13,11.926605504587156,4,3.669724770642202,3,2.7522935779816513,6,5.504587155963303,6,5.504587155963303,7,6.422018348623853,9,8.256880733944953,3,2.7522935779816513,6,5.504587155963303,12199.4499,5.130708122253417,0.4268178634766553,-3.0842178125188138,-6.200510319672493,0.1926605504587156,0.3761467889908257,0.38532110091743116,Sheet,0.10091743119266054,31.525688073394488,Stable,-0.4,0.017798165137614688,0.38311926605504587,0.7300917431192661,25440,25565,8,11,-3,0.1743119266055046,59,50,0.5412844036697247,11,0.10091743119266056,28,0.25688073394495414,81.28440366972477,3,0.027522935779816515,1,0,19,Aromatic-rich Protein
40,D0VWW1,D0VWW1_LOTTE,Lectin,VSFNYTRFKDDGSLIFQGDAKIWTDGRLAMPTDPLVNRTTSHALYATPVPIWDSATGNVASFITSFSFIVSNVQRYPPTDGVVFFLAPWGTEIPPNSQGGYLGITDSSNSQNQFVAVEFDSHPNVWDPKSLRSSHIGIDVNSIMSLKAVNWNRVSGSLEKATIIYDSDTKILTVVMTHQNGQITTISQEIDLKTVLPEKVSVGFSATTWNPERERHDIYSWSFTSTLKEPEEQA,Protein_20,VSFNYTRFKDDGSLIFQGDAKIWTDGRLAMPTDPLVNRTTSHALYATPVPIWDSATGNVASFITSFSFIVSNVQRYPPTDGVVFFLAPWGTEIPPNSQGGYLGITDSSNSQNQFVAVEFDSHPNVWDPKSLRSSHIGIDVNSIMSLKAVNWNRVSGSLEKATIIYDSDTKILTVVMTHQNGQITTISQEIDLKTVLPEKVSVGFSATTWNPERERHDIYSWSFTSTLKEPEEQA,234,234,12,5.128205128205129,0,0.0,15,6.410256410256411,10,4.273504273504273,12,5.128205128205129,13,5.555555555555555,5,2.1367521367521367,17,7.264957264957265,9,3.8461538461538463,13,5.555555555555555,3,1.2820512820512822,13,5.555555555555555,14,5.982905982905983,9,3.8461538461538463,8,3.4188034188034186,27,11.538461538461538,22,9.401709401709402,19,8.11965811965812,7,2.9914529914529915,6,2.5641025641025643,26010.6822,5.033570289611816,0.26850351266799777,-7.8002896491271585,-10.33960024264681,0.20085470085470086,0.3504273504273504,0.41025641025641024,Sheet,0.10683760683760685,34.38205128205127,Stable,-0.27222222222222225,0.06905982905982906,0.4142307692307692,0.7237606837606837,47440,47440,17,25,-8,0.1794871794871795,124,110,0.5299145299145299,25,0.10683760683760683,61,0.2606837606837607,78.67521367521366,0,0.0,0,2,55,Aromatic-rich Protein
43,P05088,PHAE_PHAVU,Erythroagglutinating phytohemagglutinin,MASSNLLSLALFLVLLTHANSASQTSFSFQRFNETNLILQRDATVSSKGQLRLTNVNDNGEPTLSSLGRAFYSAPIQIWDNTTGAVAASPTSFTFNIDVPNNSGPADGLAFVLLPVGSQPKDKGGLLGLFNNYKYDSNAHTVAVEFDTLYNVHWDPKPRHIGIDVNSIKSIKTTTWDFVKGENAEVLITYDSSTKLLVASLVYPSLKTSFIVSDTVDLKSVLPEWVIVGFTATTGITKGNVETNDILSWSFASKLSDGTTSEALNLANFALNQIL,Protein_21,MASSNLLSLALFLVLLTHANSASQTSFSFQRFNETNLILQRDATVSSKGQLRLTNVNDNGEPTLSSLGRAFYSAPIQIWDNTTGAVAASPTSFTFNIDVPNNSGPADGLAFVLLPVGSQPKDKGGLLGLFNNYKYDSNAHTVAVEFDTLYNVHWDPKPRHIGIDVNSIKSIKTTTWDFVKGENAEVLITYDSSTKLLVASLVYPSLKTSFIVSDTVDLKSVLPEWVIVGFTATTGITKGNVETNDILSWSFASKLSDGTTSEALNLANFALNQIL,275,275,21,7.636363636363637,0,0.0,16,5.818181818181818,8,2.909090909090909,15,5.454545454545454,16,5.818181818181818,4,1.4545454545454546,14,5.090909090909091,13,4.7272727272727275,33,12.0,1,0.36363636363636365,22,8.0,11,4.0,7,2.5454545454545454,5,1.8181818181818181,31,11.272727272727273,26,9.454545454545455,21,7.636363636363637,5,1.8181818181818181,6,2.1818181818181817,29746.084399999996,5.150488090515136,1.0181097009553675,-6.129563707098136,-8.718141883047679,0.27636363636363637,0.3490909090909091,0.43636363636363634,Sheet,0.09454545454545454,21.938945454545443,Stable,0.027272727272727254,0.14196363636363635,0.4450181818181818,0.7280363636363637,36440,36440,18,24,-6,0.15272727272727274,138,137,0.5018181818181818,26,0.09454545454545454,89,0.3236363636363636,96.43636363636364,0,0.0,0,3,63,Membrane Protein
47,B5A8N6,B5A8N6_PEA,Lectin,MASLQTQMISFYAIFLSILLTTILFFKVNSTETTSFLITKFSPDQQNLIFQGDGYTTKEKLTLTKAVKNTVGRALYSSPIHIWDRETGNVANFVTSFTFVINAPNSYNVADGFTFFIAPVDTKPQTGGGYLGVFNSAEYDKTTQTVAVEFDTFYNAAWDPSNRDRHIGIDVNSIKSVNTKSWKLQNGEEANVVIAFNAATNVLTVSLTYPNSLEEENVTSYTLSDVVSLKDVVPEWVRIGFSATTGAEYAAHEVLSWSFHSELSGTSSSKQAADA,Protein_22,MASLQTQMISFYAIFLSILLTTILFFKVNSTETTSFLITKFSPDQQNLIFQGDGYTTKEKLTLTKAVKNTVGRALYSSPIHIWDRETGNVANFVTSFTFVINAPNSYNVADGFTFFIAPVDTKPQTGGGYLGVFNSAEYDKTTQTVAVEFDTFYNAAWDPSNRDRHIGIDVNSIKSVNTKSWKLQNGEEANVVIAFNAATNVLTVSLTYPNSLEEENVTSYTLSDVVSLKDVVPEWVRIGFSATTGAEYAAHEVLSWSFHSELSGTSSSKQAADA,275,275,23,8.363636363636363,0,0.0,13,4.7272727272727275,14,5.090909090909091,19,6.909090909090909,14,5.090909090909091,4,1.4545454545454546,15,5.454545454545454,13,4.7272727272727275,19,6.909090909090909,2,0.7272727272727273,19,6.909090909090909,8,2.909090909090909,9,3.272727272727273,5,1.8181818181818181,28,10.181818181818182,31,11.272727272727273,24,8.727272727272727,5,1.8181818181818181,10,3.6363636363636362,30269.380199999996,4.900282859802245,-0.9653558076737561,-9.12005922207441,-12.081642808649956,0.2581818181818182,0.2981818181818182,0.44727272727272727,Sheet,0.12363636363636363,28.848799999999986,Stable,-0.07127272727272728,0.12498181818181817,0.42174545454545453,0.7273818181818182,42400,42400,18,27,-9,0.16363636363636364,146,129,0.5309090909090909,34,0.12363636363636364,81,0.29454545454545455,81.89090909090908,0,0.0,0,2,69,Aromatic-rich Protein
48,Q5ZET2,Q5ZET2_9FABA,Phytohemagglutinin-L,MASSNLLSLALFLVLLTHVNSASETSFSFDRFNETNLILQGDASVSSSGQLRLTNVNNNGVPTVGSLGRAFYSAPIQIWDYTTGAVASFATSFTFNMQVPNNAGPADGLAFALVPVGSQPKDKGGFLGLFDGSNSNFHTVAVEFDTLYNWNWDPKERHIGIDVNSIKSIKTTPWDFVNGENAKVHITYESSTKLLVASLVYPSLKTSFTVSDTVDLKSVLPEWVSVGFSATTGITKGNVEANNVLSWSFASMLSDGTTSEALNLANLVLNKIL,Protein_23,MASSNLLSLALFLVLLTHVNSASETSFSFDRFNETNLILQGDASVSSSGQLRLTNVNNNGVPTVGSLGRAFYSAPIQIWDYTTGAVASFATSFTFNMQVPNNAGPADGLAFALVPVGSQPKDKGGFLGLFDGSNSNFHTVAVEFDTLYNWNWDPKERHIGIDVNSIKSIKTTPWDFVNGENAKVHITYESSTKLLVASLVYPSLKTSFTVSDTVDLKSVLPEWVSVGFSATTGITKGNVEANNVLSWSFASMLSDGTTSEALNLANLVLNKIL,273,273,21,7.6923076923076925,0,0.0,13,4.761904761904762,9,3.2967032967032965,17,6.227106227106227,19,6.95970695970696,4,1.465201465201465,10,3.663003663003663,11,4.029304029304029,30,10.989010989010989,3,1.098901098901099,24,8.791208791208792,10,3.663003663003663,5,1.8315018315018314,4,1.465201465201465,34,12.454212454212454,23,8.424908424908425,25,9.157509157509157,6,2.197802197802198,5,1.8315018315018314,29305.5087,4.990997886657714,-0.06463768840796646,-7.127108525047454,-9.444421086462349,0.27106227106227104,0.36630036630036633,0.4249084249084249,Sheet,0.10256410256410256,20.323846153846137,Stable,0.08827838827838826,0.17373626373626375,0.4563003663003663,0.7312454212454212,40450,40450,15,22,-7,0.13553113553113552,132,141,0.4835164835164835,28,0.10256410256410256,86,0.315018315018315,91.39194139194139,0,0.0,0,1,62,Membrane Protein
49,O24313,LEC1_PSOTE,Basic agglutinin,MKTISFNFNQFHQNEEQLKLQRDARISSNSVLELTKVVNGVPTWNSTGRALYAKPVQVWDSTTGNVASFETRFSFSIRQPFPRPHPADGLVFFIAPPNTQTGEGGGYFGIYNPLSPYPFVAVEFDTFRNTWDPQIPHIGIDVNSVISTKTVPFTLDNGGIANVVIKYDASTKILHVVLVFPSLGTIYTIADIVDLKQVLPESVNVGFSAATGDPSGKQRNATETHDILSWSFSASLPGTNEF,Protein_24,MKTISFNFNQFHQNEEQLKLQRDARISSNSVLELTKVVNGVPTWNSTGRALYAKPVQVWDSTTGNVASFETRFSFSIRQPFPRPHPADGLVFFIAPPNTQTGEGGGYFGIYNPLSPYPFVAVEFDTFRNTWDPQIPHIGIDVNSVISTKTVPFTLDNGGIANVVIKYDASTKILHVVLVFPSLGTIYTIADIVDLKQVLPESVNVGFSAATGDPSGKQRNATETHDILSWSFSASLPGTNEF,242,242,14,5.785123966942149,0,0.0,12,4.958677685950414,9,3.71900826446281,18,7.43801652892562,17,7.024793388429752,5,2.0661157024793386,16,6.6115702479338845,9,3.71900826446281,15,6.198347107438017,1,0.4132231404958678,16,6.6115702479338845,18,7.43801652892562,10,4.132231404958677,8,3.3057851239669422,21,8.677685950413224,21,8.677685950413224,22,9.090909090909092,4,1.6528925619834711,6,2.479338842975207,26614.5688,5.695289802551269,3.7397018871621555,-4.040096096333713,-6.356565138162601,0.19834710743801653,0.34710743801652894,0.42148760330578516,Sheet,0.11570247933884298,29.606198347107423,Stable,-0.12892561983471076,0.11814049586776859,0.4468181818181818,0.727603305785124,30940,30940,17,21,-4,0.15702479338842976,117,125,0.4834710743801653,28,0.11570247933884298,67,0.2768595041322314,82.10743801652893,0,0.0,0,2,48,Aromatic-rich Protein
52,P06750,AGGL_RICCO,Agglutinin,MYAVATWLCFGSTSGWSFTLEDNNIFPKQYPIINFTTADATVESYTNFIRAVRSHLTTGADVRHEIPVLPNRVGLPISQRFILVELSNHAELSVTLALDVTNAYVVGCRAGNSAYFFHPDNQEDAEAITHLFTDVQNSFTFAFGGNYDRLEQLGGLRENIELGTGPLEDAISALYYYSTCGTQIPTLARSFMVCIQMISEAARFQYIEGEMRTRIRYNRRSAPDPSVITLENSWGRLSTAIQESNQGAFASPIQLQRRNGSKFNVYDVSILIPIIALMVYRCAPPPSSQFSLLIRPVVPNFNADVCMDPEPIVRIVGRNGLCVDVTGEEFFDGNPIQLWPCKSNTDWNQLWTLRKDSTIRSNGKCLTISKSSPRQQVVIYNCSTATVGATRWQIWDNRTIINPRSGLVLAATSGNSGTKLTVQTNIYAVSQGWLPTNNTQPFVTTIVGLYGMCLQANSGKVWLEDCTSEKAEQQWALYADGSIRPQQNRDNCLTTDANIKGTVVKILSCGPASSGQRWMFKNDGTILNLYNGLVLDVRRSDPSLKQIIVHPFHGNLNQIWLPLF,Protein_25,MYAVATWLCFGSTSGWSFTLEDNNIFPKQYPIINFTTADATVESYTNFIRAVRSHLTTGADVRHEIPVLPNRVGLPISQRFILVELSNHAELSVTLALDVTNAYVVGCRAGNSAYFFHPDNQEDAEAITHLFTDVQNSFTFAFGGNYDRLEQLGGLRENIELGTGPLEDAISALYYYSTCGTQIPTLARSFMVCIQMISEAARFQYIEGEMRTRIRYNRRSAPDPSVITLENSWGRLSTAIQESNQGAFASPIQLQRRNGSKFNVYDVSILIPIIALMVYRCAPPPSSQFSLLIRPVVPNFNADVCMDPEPIVRIVGRNGLCVDVTGEEFFDGNPIQLWPCKSNTDWNQLWTLRKDSTIRSNGKCLTISKSSPRQQVVIYNCSTATVGATRWQIWDNRTIINPRSGLVLAATSGNSGTKLTVQTNIYAVSQGWLPTNNTQPFVTTIVGLYGMCLQANSGKVWLEDCTSEKAEQQWALYADGSIRPQQNRDNCLTTDANIKGTVVKILSCGPASSGQRWMFKNDGTILNLYNGLVLDVRRSDPSLKQIIVHPFHGNLNQIWLPLF,564,564,37,6.560283687943262,14,2.482269503546099,25,4.432624113475177,22,3.900709219858156,24,4.25531914893617,37,6.560283687943262,7,1.2411347517730495,41,7.2695035460992905,13,2.3049645390070923,48,8.51063829787234,8,1.4184397163120568,40,7.092198581560283,30,5.319148936170213,29,5.141843971631205,33,5.851063829787234,44,7.801418439716312,43,7.624113475177305,38,6.73758865248227,13,2.3049645390070923,18,3.1914893617021276,62850.598,6.664337730407715,12.718354053528337,-0.9694896968250077,-11.833665214574886,0.22695035460992907,0.3120567375886525,0.39893617021276595,Sheet,0.0975177304964539,42.03546099290783,Unstable,-0.14237588652482272,0.06251773049645391,0.45414893617021274,0.7322163120567375,98320,99195,46,47,-1,0.16489361702127658,288,276,0.5106382978723404,55,0.0975177304964539,164,0.2907801418439716,87.64184397163119,14,0.024822695035460994,7,5,105,Globular Protein
53,P02872,LECG_ARAHY,Galactose-binding lectin,MKPFCVFLTFFLLLAASSKKVDSAETVSFNFNSFSEGNPAINFQGDVTVLSNGNIQLTNLNKVNSVGRVLYAMPVRIWSSATGNVASFLTSFSFEMKDIKDYDPADGIIFFIAPEDTQIPAGSIGGGTLGVSDTKGAGHFVGVEFDTYSNSEYNDPPTDHVGIDVNSVDSVKTVPWNSVSGAVVKVTVIYDSSTKTLSVAVTNDNGDITTIAQVVDLKAKLPERVKFGFSASGSLGGRQIHLIRSWSFTSTLITTTRRSIDNNEKKIMNMASA,Protein_26,MKPFCVFLTFFLLLAASSKKVDSAETVSFNFNSFSEGNPAINFQGDVTVLSNGNIQLTNLNKVNSVGRVLYAMPVRIWSSATGNVASFLTSFSFEMKDIKDYDPADGIIFFIAPEDTQIPAGSIGGGTLGVSDTKGAGHFVGVEFDTYSNSEYNDPPTDHVGIDVNSVDSVKTVPWNSVSGAVVKVTVIYDSSTKTLSVAVTNDNGDITTIAQVVDLKAKLPERVKFGFSASGSLGGRQIHLIRSWSFTSTLITTTRRSIDNNEKKIMNMASA,273,273,18,6.593406593406593,1,0.3663003663003663,18,6.593406593406593,8,2.93040293040293,18,6.593406593406593,21,7.6923076923076925,3,1.098901098901099,18,6.593406593406593,15,5.4945054945054945,16,5.86080586080586,5,1.8315018315018314,19,6.95970695970696,10,3.663003663003663,5,1.8315018315018314,7,2.5641025641025643,32,11.72161172161172,23,8.424908424908425,28,10.256410256410257,3,1.098901098901099,5,1.8315018315018314,29324.666400000002,5.387165641784668,2.3145521637410305,-4.225416364371046,-7.311980617282778,0.2271062271062271,0.3663003663003663,0.4065934065934066,Sheet,0.09523809523809525,24.075091575091573,Stable,0.015750915750915744,0.12311355311355311,0.4017948717948718,0.727985347985348,23950,23950,22,26,-4,0.17582417582417584,136,137,0.4981684981684982,26,0.09523809523809523,80,0.29304029304029305,84.9084249084249,1,0.003663003663003663,0,0,60,Membrane Protein
55,P05046,LEC_SOYBN,Lectin,MATSKLKTQNVVVSLSLTLTLVLVLLTSKANSAETVSFSWNKFVPKQPNMILQGDAIVTSSGKLQLNKVDENGTPKPSSLGRALYSTPIHIWDKETGSVASFAASFNFTFYAPDTKRLADGLAFFLAPIDTKPQTHAGYLGLFNENESGDQVVAVEFDTFRNSWDPPNPHIGINVNSIRSIKTTSWDLANNKVAKVLITYDASTSLLVASLVYPSQRTSNILSDVVDLKTSLPEWVRIGFSAATGLDIPGESHDVLSWSFASNLPHASSNIDPLDLTSFVLHEAI,Protein_27,MATSKLKTQNVVVSLSLTLTLVLVLLTSKANSAETVSFSWNKFVPKQPNMILQGDAIVTSSGKLQLNKVDENGTPKPSSLGRALYSTPIHIWDKETGSVASFAASFNFTFYAPDTKRLADGLAFFLAPIDTKPQTHAGYLGLFNENESGDQVVAVEFDTFRNSWDPPNPHIGINVNSIRSIKTTSWDLANNKVAKVLITYDASTSLLVASLVYPSQRTSNILSDVVDLKTSLPEWVRIGFSAATGLDIPGESHDVLSWSFASNLPHASSNIDPLDLTSFVLHEAI,285,285,23,8.070175438596491,0,0.0,17,5.964912280701754,9,3.1578947368421053,14,4.912280701754386,13,4.56140350877193,6,2.1052631578947367,15,5.2631578947368425,15,5.2631578947368425,32,11.228070175438596,2,0.7017543859649122,18,6.315789473684211,16,5.614035087719298,7,2.456140350877193,6,2.1052631578947367,35,12.280701754385966,23,8.070175438596491,23,8.070175438596491,6,2.1052631578947367,5,1.7543859649122806,30927.580599999998,5.650557518005371,4.149277833472546,-4.95229310857491,-7.808102408971479,0.28421052631578947,0.3473684210526316,0.41403508771929826,Sheet,0.08771929824561403,31.53792982456139,Stable,0.0003508771929824366,0.1280701754385965,0.44628070175438594,0.7264561403508771,40450,40450,21,26,-5,0.1649122807017544,141,144,0.49473684210526314,25,0.08771929824561403,93,0.3263157894736842,95.78947368421053,0,0.0,0,3,63,Membrane Protein
56,Q9S8M0,LECT_SOLTU,Chitin-binding lectin 1,MKETAISVLALLTLFLLEVVSANELSLPFHLPINETIGLEVFQGINNASPPSPSPLPYPQCGMKKGGGKCIKTGECCSIWGWCGTTNAYCSPGYCQKQCPGPYPEGRCGWQANGKSCPTGTGQCCSNGGWCGTTSDYCASKNCQSQCKLPSPPPPPPPPSPPPPSPPSPPPPSPPPPPPPSPPPPSPPPPSPSPPPPPASPPPPPPALPYPQCGIKKGGGKCIKTGECCSIWGWCGTTNAYCSPGYCQKQCPGPYPEGRCGWQANGKSCPTGTGHCCSNAGWCGTTSDYCAPVNCQAQCNTTTLTSPIKNRMRGIESFMLNVV,Protein_28,MKETAISVLALLTLFLLEVVSANELSLPFHLPINETIGLEVFQGINNASPPSPSPLPYPQCGMKKGGGKCIKTGECCSIWGWCGTTNAYCSPGYCQKQCPGPYPEGRCGWQANGKSCPTGTGQCCSNGGWCGTTSDYCASKNCQSQCKLPSPPPPPPPPSPPPPSPPSPPPPSPPPPPPPSPPPPSPPPPSPSPPPPPASPPPPPPALPYPQCGIKKGGGKCIKTGECCSIWGWCGTTNAYCSPGYCQKQCPGPYPEGRCGWQANGKSCPTGTGHCCSNAGWCGTTSDYCAPVNCQAQCNTTTLTSPIKNRMRGIESFMLNVV,323,323,14,4.3343653250774,32,9.907120743034056,2,0.6191950464396285,10,3.0959752321981426,4,1.238390092879257,36,11.145510835913313,2,0.6191950464396285,11,3.4055727554179565,16,4.953560371517028,15,4.643962848297214,4,1.238390092879257,15,4.643962848297214,68,21.05263157894737,14,4.3343653250774,4,1.238390092879257,30,9.287925696594428,21,6.501547987616099,7,2.1671826625387,8,2.476780185758514,10,3.0959752321981426,33554.2058,8.398828315734864,12.231798908589298,7.362203496919962,-11.355515396054056,0.1826625386996904,0.4674922600619195,0.23529411764705882,Turn,0.06811145510835914,71.9235294117648,Unstable,-0.47213622291021673,0.07513931888544892,0.4975851393188854,0.7157894736842105,58900,60900,20,12,8,0.09907120743034056,156,167,0.48297213622291024,22,0.06811145510835913,47,0.14551083591331268,42.01238390092879,32,0.09907120743034056,16,3,61,Disulfide-rich Protein
60,P11218,AGI_URTDI,Lectin/endochitinase 1,MMMRFLSAVVIMSSAMAVGLVSAQRCGSQGGGGTCPALWCCSIWGWCGDSEPYCGRTCENKCWSGERSDHRCGAAVGNPPCGQDRCCSVHGWCGGGNDYCSGSKCQYRCSSSVRGPRVALSGNSTANSIGNVVVTEPLFDQMFSHRKDCPSQGFYSYHSFLVAAESFPAFGTIGDVATRKREVAAFLAHISQATSGERSDVENPHAWGLCHINTTTVTENDFCTSSDWPCAAGKKYSPRGPIQLTHNFNYGLAGQAIGEDLIQNPDLVEKDPIISFKTALWFWMSQHDNKPSCHDIVLNANSAANRIPNKGVIGNIISRAFGHDDFAVRSSSIGFYKRYCDMLGVSYGHDLKYWFDNTPSSEFQRIQMRVAA,Protein_29,MMMRFLSAVVIMSSAMAVGLVSAQRCGSQGGGGTCPALWCCSIWGWCGDSEPYCGRTCENKCWSGERSDHRCGAAVGNPPCGQDRCCSVHGWCGGGNDYCSGSKCQYRCSSSVRGPRVALSGNSTANSIGNVVVTEPLFDQMFSHRKDCPSQGFYSYHSFLVAAESFPAFGTIGDVATRKREVAAFLAHISQATSGERSDVENPHAWGLCHINTTTVTENDFCTSSDWPCAAGKKYSPRGPIQLTHNFNYGLAGQAIGEDLIQNPDLVEKDPIISFKTALWFWMSQHDNKPSCHDIVLNANSAANRIPNKGVIGNIISRAFGHDDFAVRSSSIGFYKRYCDMLGVSYGHDLKYWFDNTPSSEFQRIQMRVAA,372,372,30,8.064516129032258,22,5.913978494623656,20,5.376344086021505,12,3.225806451612903,17,4.56989247311828,37,9.946236559139784,12,3.225806451612903,18,4.838709677419355,12,3.225806451612903,16,4.301075268817204,9,2.4193548387096775,19,5.10752688172043,17,4.56989247311828,13,3.4946236559139785,20,5.376344086021505,40,10.75268817204301,15,4.032258064516129,22,5.913978494623656,10,2.6881720430107525,11,2.956989247311828,40541.1645,7.10978488922119,15.540581351002206,0.3615869059165391,-14.0889729977319,0.21236559139784944,0.35752688172043007,0.29301075268817206,Turn,0.1021505376344086,41.38661290322579,Unstable,-0.2663978494623656,0.03545698924731184,0.4055376344086022,0.7331720430107527,71390,72765,32,32,0,0.17204301075268819,196,176,0.5268817204301075,38,0.10215053763440861,86,0.23118279569892472,60.86021505376345,22,0.05913978494623656,11,2,66,Disulfide-rich Protein
61,P22973,LEC2_ULEEU,Anti-H(O) lectin 2,NLSDDLSFNFDKFVPNQKNIIFQGDASVSTKGVLEVTKVSKPTTRSIGRALYAAPIQIWDSITGKVASFATSFSFVVKDEPDEKIDGVDGLAFFLAPANSQIPSGSSAGMFGLFCSSNDSKSSNQIIAVEFDSYFGKTYNPWDPDFKHIGIDVNSIKSIKTVKDDWRNGEVADVVITYRAPTKSLTVSLSYPSDGTSNIVTASSVDLKAILPEWVSVGFSGGVGNAAKFDHDVLSWYFTSNLEANQSQT,Protein_30,NLSDDLSFNFDKFVPNQKNIIFQGDASVSTKGVLEVTKVSKPTTRSIGRALYAAPIQIWDSITGKVASFATSFSFVVKDEPDEKIDGVDGLAFFLAPANSQIPSGSSAGMFGLFCSSNDSKSSNQIIAVEFDSYFGKTYNPWDPDFKHIGIDVNSIKSIKTVKDDWRNGEVADVVITYRAPTKSLTVSLSYPSDGTSNIVTASSVDLKAILPEWVSVGFSGGVGNAAKFDHDVLSWYFTSNLEANQSQT,249,249,18,7.228915662650603,1,0.40160642570281124,21,8.433734939759036,7,2.8112449799196786,17,6.827309236947791,17,6.827309236947791,2,0.8032128514056225,17,6.827309236947791,17,6.827309236947791,13,5.220883534136546,1,0.40160642570281124,14,5.622489959839357,11,4.417670682730924,7,2.8112449799196786,4,1.606425702811245,34,13.654618473895582,15,6.024096385542169,22,8.835341365461847,5,2.0080321285140563,6,2.4096385542168677,26927.6604,4.826278495788574,-1.5011639700067292,-7.055258808428352,-10.561907051384711,0.2248995983935743,0.3895582329317269,0.3815261044176707,Turn,0.11244979919678716,23.640160642570265,Stable,-0.13614457831325302,0.09706827309236947,0.37987951807228915,0.7208032128514056,36440,36440,21,28,-7,0.19678714859437751,128,121,0.5140562248995983,28,0.11244979919678715,70,0.28112449799196787,79.83935742971889,1,0.004016064257028112,0,3,55,Aromatic-rich Protein
64,Q05097,PA1L_PSEAE,PA-I galactophilic lectin,MAWKGEVLANNEAGQVTSIIYNPGDVITIVAAGWASYGPTQKWGPQGDREHPDQGLICHDAFCGALVMKIGNSGTIPVNTGLFRWVAPNNVQGAITLIYNDVPGTYGNNSGSFSVNIGKDQS,Protein_31,MAWKGEVLANNEAGQVTSIIYNPGDVITIVAAGWASYGPTQKWGPQGDREHPDQGLICHDAFCGALVMKIGNSGTIPVNTGLFRWVAPNNVQGAITLIYNDVPGTYGNNSGSFSVNIGKDQS,122,122,10,8.19672131147541,2,1.639344262295082,6,4.918032786885246,3,2.459016393442623,3,2.459016393442623,17,13.934426229508198,2,1.639344262295082,10,8.19672131147541,4,3.278688524590164,5,4.098360655737705,2,1.639344262295082,11,9.01639344262295,7,5.737704918032787,6,4.918032786885246,2,1.639344262295082,7,5.737704918032787,7,5.737704918032787,10,8.19672131147541,4,3.278688524590164,4,3.278688524590164,12893.2562,5.034536552429199,0.09941654819829893,-3.337954972380812,-5.717306158702855,0.19672131147540983,0.39344262295081966,0.3524590163934426,Turn,0.09016393442622951,15.193442622950819,Stable,-0.14836065573770493,0.1642622950819672,0.4258196721311476,0.7298360655737706,27960,28085,6,9,-3,0.12295081967213115,54,68,0.4426229508196721,11,0.09016393442622951,35,0.28688524590163933,79.91803278688523,2,0.01639344262295082,1,1,18,Highly Stable Protein
70,F6KMV5,F6KMV5_MACPC,Ricin B-like lectin,MSTQVSSGQTYKITNVKAGTVIDLSGEDNKSIIGYPYHSGKNQQWTFNWTGKAWTLRSASSGSYLGIEGTPADGTRLVAVNDPFEWHIWRDEANENAFRIFVPFTNYNLDLSGYGDTTPGTPVQLWWTWEGLHQTWTIDRP,Protein_32,MSTQVSSGQTYKITNVKAGTVIDLSGEDNKSIIGYPYHSGKNQQWTFNWTGKAWTLRSASSGSYLGIEGTPADGTRLVAVNDPFEWHIWRDEANENAFRIFVPFTNYNLDLSGYGDTTPGTPVQLWWTWEGLHQTWTIDRP,141,141,7,4.964539007092198,0,0.0,8,5.673758865248227,6,4.25531914893617,5,3.5460992907801416,14,9.929078014184396,3,2.127659574468085,8,5.673758865248227,5,3.5460992907801416,8,5.673758865248227,1,0.7092198581560284,9,6.382978723404255,7,4.964539007092198,6,4.25531914893617,5,3.5460992907801416,11,7.801418439716312,16,11.347517730496454,7,4.964539007092198,9,6.382978723404255,6,4.25531914893617,15920.319500000001,5.203632545471191,0.8661752772611013,-4.223332898825891,-5.991969363759493,0.19148936170212766,0.3475177304964539,0.41843971631205673,Sheet,0.14184397163120566,21.91702127659575,Stable,-0.5780141843971631,0.04631205673758866,0.4065957446808511,0.7214893617021277,58440,58440,10,14,-4,0.1702127659574468,75,66,0.5319148936170213,20,0.14184397163120568,30,0.2127659574468085,63.61702127659574,0,0.0,0,2,33,Aromatic-rich Protein
72,A8NDT7,A8NDT7_COPC7,Ricin B lectin domain-containing protein,MALNEGVYWIRNSRFTNKVLDLDAANVAKGTSILDFNEHGTFNENHNQLWIVERFQSRDTYLIRSVHSNLVLDLSQGLSANGTPILCWTQHGGTNQQWRIEWVKDDNKTPLYRIVSVATGTAISHNEDDSSAYTVAWSVDDGPKQLWSFDPFVTPLLYRLRVKSTSRVLDLAAASADNGTLALAWEQHTAITKRNQLWWLPYRSGAEEYTIQCLETSTVADLSGGNSGNGTPIYGWQSHGGRNQQWKFEPTSDSGDYYHIKNVEGGSVMDAYMNDSQKRVGGWSNNGGDNQKWLLDPLPSPGPGWVLIQNGGTGKFLCSTPSGDIGTADGPETVYDYSVQWRFIQREYTGVYHVVNRATGAYLRQIGTSMPSIGLAEENDDELKDWWMLETYDNSEIGLASIISRWTGNVLDHYGGVSVQALDNNTENSYRSWAIIPARDWLTSFSLVNGQGGLCLAAQYAREETRLSTTANVNDFHAQWVFRKPSGSSGYTIQNKYNNHYVGGTSARWELVVCCNKYFGIRNTSTQKYLAIEDGQVTFQDQDMTDRKQCWELCSGRATDTSGNDYDLIYMDDDLLEVMIPWVGDKQGDLKHYIEKRATKKPPKDKGGWQLPAAGLIKKPKFNDIRQLLQELIEQWEWDVVNEEREQIQTLVSIDEAEARRLLGRRPHPDIVAAYQRSRSSTLFRIDRQGYFNIAGDRYVNIQGQYGDDSYFHIALPVGVRFGREQIRRFLRDSLDRSTSVTITPTTCKPPSGGPDYNRDPDSDGDNSWIKWTIAVVGTSAIKHSEL,Protein_33,MALNEGVYWIRNSRFTNKVLDLDAANVAKGTSILDFNEHGTFNENHNQLWIVERFQSRDTYLIRSVHSNLVLDLSQGLSANGTPILCWTQHGGTNQQWRIEWVKDDNKTPLYRIVSVATGTAISHNEDDSSAYTVAWSVDDGPKQLWSFDPFVTPLLYRLRVKSTSRVLDLAAASADNGTLALAWEQHTAITKRNQLWWLPYRSGAEEYTIQCLETSTVADLSGGNSGNGTPIYGWQSHGGRNQQWKFEPTSDSGDYYHIKNVEGGSVMDAYMNDSQKRVGGWSNNGGDNQKWLLDPLPSPGPGWVLIQNGGTGKFLCSTPSGDIGTADGPETVYDYSVQWRFIQREYTGVYHVVNRATGAYLRQIGTSMPSIGLAEENDDELKDWWMLETYDNSEIGLASIISRWTGNVLDHYGGVSVQALDNNTENSYRSWAIIPARDWLTSFSLVNGQGGLCLAAQYAREETRLSTTANVNDFHAQWVFRKPSGSSGYTIQNKYNNHYVGGTSARWELVVCCNKYFGIRNTSTQKYLAIEDGQVTFQDQDMTDRKQCWELCSGRATDTSGNDYDLIYMDDDLLEVMIPWVGDKQGDLKHYIEKRATKKPPKDKGGWQLPAAGLIKKPKFNDIRQLLQELIEQWEWDVVNEEREQIQTLVSIDEAEARRLLGRRPHPDIVAAYQRSRSSTLFRIDRQGYFNIAGDRYVNIQGQYGDDSYFHIALPVGVRFGREQIRRFLRDSLDRSTSVTITPTTCKPPSGGPDYNRDPDSDGDNSWIKWTIAVVGTSAIKHSEL,787,787,46,5.844980940279543,9,1.1435832274459974,60,7.6238881829733165,37,4.701397712833545,20,2.5412960609911055,68,8.640406607369759,16,2.0330368487928845,43,5.463786531130877,31,3.9390088945362134,61,7.750952986022872,8,1.0165184243964422,46,5.844980940279543,30,3.8119440914866582,41,5.209656925031767,47,5.972045743329097,61,7.750952986022872,53,6.734434561626429,46,5.844980940279543,30,3.8119440914866582,34,4.320203303684879,88827.4742,5.39751033782959,9.694373975762616,-18.088139522112016,-30.429158138884247,0.23252858958068615,0.3367217280813215,0.3646759847522236,Sheet,0.10673443456162643,39.744599745870495,Stable,-0.5907242693773825,-0.04376111817026682,0.3322490470139772,0.7191359593392631,215660,216160,78,97,-19,0.22236340533672172,435,352,0.5527318932655655,84,0.10673443456162643,196,0.24904701397712833,74.33290978398983,9,0.011435832274459974,4,7,148,Aromatic-rich Protein
79,Q7MDS1,Q7MDS1_VIBVY,"""Cytotoxin, cytolysin VvhA""",MKKMTLFTLSLLATAVQVGAQEYVPIVEKPIYITSSKIKCVLHTSGDFNATRDWCNAGASIDVRVNVAQMRSVQSATSDGFTPDAKIVRFTVDADKPGTGIHLVNELQQDHSWFQSWANRRTYIGPFASSYDLWVKPVSGYTPKKARDLPQNENKNYQHRDTYGYSIGINGKVGAEVNKDGPKVGGEVSGSFTYNYSKTLVFDTKDYRINNRSSLSDFDISFEREFGECDELRRQELGCYFTAAHWGSGWVFDKTKFNPISYSNFKPNYDVLYEAPVSETGVTDFEMGVKLNYRARFGTVLPSALFSVYGSAGSSTNSSTVKQRIRIDWNHPLFEAEAHVTLQSLSNNDLCLDVYGENGDKTVAGGSVNGWSCHGSWNQVWGLDKEERYRSRVASDRCLTVNADKTLTVEQCGANLAQKWYWEGDKLISRYVDGSNTRYLLNIVGGRNVQVTPENEANQARWKPTLQQVKL,Protein_34,MKKMTLFTLSLLATAVQVGAQEYVPIVEKPIYITSSKIKCVLHTSGDFNATRDWCNAGASIDVRVNVAQMRSVQSATSDGFTPDAKIVRFTVDADKPGTGIHLVNELQQDHSWFQSWANRRTYIGPFASSYDLWVKPVSGYTPKKARDLPQNENKNYQHRDTYGYSIGINGKVGAEVNKDGPKVGGEVSGSFTYNYSKTLVFDTKDYRINNRSSLSDFDISFEREFGECDELRRQELGCYFTAAHWGSGWVFDKTKFNPISYSNFKPNYDVLYEAPVSETGVTDFEMGVKLNYRARFGTVLPSALFSVYGSAGSSTNSSTVKQRIRIDWNHPLFEAEAHVTLQSLSNNDLCLDVYGENGDKTVAGGSVNGWSCHGSWNQVWGLDKEERYRSRVASDRCLTVNADKTLTVEQCGANLAQKWYWEGDKLISRYVDGSNTRYLLNIVGGRNVQVTPENEANQARWKPTLQQVKL,471,471,29,6.1571125265392785,8,1.6985138004246285,29,6.1571125265392785,23,4.883227176220807,19,4.033970276008493,37,7.855626326963907,8,1.6985138004246285,17,3.6093418259023355,28,5.944798301486199,31,6.581740976645436,4,0.8492569002123143,31,6.581740976645436,16,3.397027600849257,19,4.033970276008493,25,5.307855626326964,41,8.704883227176222,31,6.581740976645436,40,8.492569002123142,13,2.760084925690021,22,4.670912951167728,52871.3525,7.552731132507325,16.24737830889478,1.1654829179752184,-8.551918789140672,0.24416135881104034,0.326963906581741,0.3673036093418259,Sheet,0.11464968152866241,24.6619957537155,Stable,-0.5184713375796178,-0.04227176220806793,0.31611464968152864,0.7183227176220807,104280,104780,53,52,1,0.2229299363057325,265,206,0.5626326963906582,54,0.11464968152866242,117,0.2484076433121019,70.5307855626327,8,0.016985138004246284,4,4,94,Aromatic-rich Protein
80,Q8L5H4,Q8L5H4_MUSAC,Lectin,MNGAIKVGAWGGNGGSAFDMGPAYRIISVKIFSGDVVDAVDVTFTYYGKTETRHFGGSGGTPHEIVLQEGEYLVGMKGEFGNYHGVVVVGKLGFSTNKKSYGPFGNTGGTPFSLPIAAGKISGFFGRGGDFIDAIGVYLEP,Protein_35,MNGAIKVGAWGGNGGSAFDMGPAYRIISVKIFSGDVVDAVDVTFTYYGKTETRHFGGSGGTPHEIVLQEGEYLVGMKGEFGNYHGVVVVGKLGFSTNKKSYGPFGNTGGTPFSLPIAAGKISGFFGRGGDFIDAIGVYLEP,141,141,8,5.673758865248227,0,0.0,6,4.25531914893617,6,4.25531914893617,11,7.801418439716312,30,21.27659574468085,3,2.127659574468085,9,6.382978723404255,8,5.673758865248227,5,3.5460992907801416,3,2.127659574468085,5,3.5460992907801416,6,4.25531914893617,1,0.7092198581560284,3,2.127659574468085,8,5.673758865248227,8,5.673758865248227,13,9.21985815602837,1,0.7092198581560284,7,4.964539007092198,14669.3538,6.2628271102905275,3.6643702209476317,-1.229550424901582,-3.353630165515158,0.2127659574468085,0.3900709219858156,0.3829787234042553,Turn,0.1347517730496454,8.231914893617024,Stable,0.02907801418439715,0.22879432624113474,0.4200709219858156,0.7348936170212766,15930,15930,11,12,-1,0.16312056737588654,55,86,0.3900709219858156,19,0.1347517730496454,35,0.24822695035460993,71.13475177304964,0,0.0,0,0,23,Membrane Protein
81,H2FH31,LEC_CREGR,Galactose-binding lectin,MTTFLIKHKASGKFLHPYGGSSNPANNTKLVLHSDIHERMYFQFDVVDERWGYIKHVASGKIVHPYGGQANPPNETNMVLHQDRHDRALFAMDFFNDNIMHKGGKYIHPKGGSPNPPNNTETVIHGDKHAAMEFIFVSPKNKDKRVLVYA,Protein_36,MTTFLIKHKASGKFLHPYGGSSNPANNTKLVLHSDIHERMYFQFDVVDERWGYIKHVASGKIVHPYGGQANPPNETNMVLHQDRHDRALFAMDFFNDNIMHKGGKYIHPKGGSPNPPNNTETVIHGDKHAAMEFIFVSPKNKDKRVLVYA,150,150,9,6.0,0,0.0,9,6.0,5,3.3333333333333335,9,6.0,12,8.0,12,8.0,8,5.333333333333333,13,8.666666666666666,7,4.666666666666667,6,4.0,12,8.0,10,6.666666666666667,3,2.0,5,3.3333333333333335,7,4.666666666666667,6,4.0,10,6.666666666666667,1,0.6666666666666666,6,4.0,17023.1272,9.273341941833493,16.894020946652212,4.551553086440014,1.2893276789992587,0.26666666666666666,0.3333333333333333,0.31333333333333335,Turn,0.10666666666666666,35.95133333333332,Stable,-0.6333333333333333,-0.023333333333333334,0.3128,0.7197333333333333,14440,14440,18,14,4,0.21333333333333335,78,72,0.52,16,0.10666666666666667,34,0.22666666666666666,64.33333333333333,0,0.0,0,3,19,Aromatic-rich Protein
82,P13045,GAL3_YEAST,Protein GAL3,MNTNVPIFSSPVRDLPRSFEQKHLAVVDAFFQTYHVKPDFIARSPGRVNLIGEHIDYCDFSVLPLAIDVDMLCAVKILDEKNPSITLTNADPKFAQRKFDLPLDGSYMAIDPSVSEWSNYFKCGLHVAHSYLKKIAPERFNNTPLVGAQIFCQSDIPTGGGLSSAFTCAAALATIRANMGKNFDISKKDLTRITAVAEHYVGVNNGGMDQATSVYGEEDHALYVEFRPKLKATPFKFPQLKNHEISFVIANTLVKSNKFETAPTNYNLRVIEVTVAANALATRYSVALPSHKDNSNSERGNLRDFMDAYYARYENQAQPWNGDIGTGIERLLKMLQLVEESFSRKKSGFTVHEASTALNCSREEFTRDYLTTFPVRFQVLKLYQRAKHVYSESLRVLKALKMMTSATFHTDEDFFTDFGRLMNESQASCDKLYECSCIETNQICSIALANGSFGSRLTGAGWGGCTIHLVPSGANGNVEQVRKALIEKFYNVRYPDLTDEELKDAIIVSKPALGTCLYEQ,Protein_37,MNTNVPIFSSPVRDLPRSFEQKHLAVVDAFFQTYHVKPDFIARSPGRVNLIGEHIDYCDFSVLPLAIDVDMLCAVKILDEKNPSITLTNADPKFAQRKFDLPLDGSYMAIDPSVSEWSNYFKCGLHVAHSYLKKIAPERFNNTPLVGAQIFCQSDIPTGGGLSSAFTCAAALATIRANMGKNFDISKKDLTRITAVAEHYVGVNNGGMDQATSVYGEEDHALYVEFRPKLKATPFKFPQLKNHEISFVIANTLVKSNKFETAPTNYNLRVIEVTVAANALATRYSVALPSHKDNSNSERGNLRDFMDAYYARYENQAQPWNGDIGTGIERLLKMLQLVEESFSRKKSGFTVHEASTALNCSREEFTRDYLTTFPVRFQVLKLYQRAKHVYSESLRVLKALKMMTSATFHTDEDFFTDFGRLMNESQASCDKLYECSCIETNQICSIALANGSFGSRLTGAGWGGCTIHLVPSGANGNVEQVRKALIEKFYNVRYPDLTDEELKDAIIVSKPALGTCLYEQ,520,520,45,8.653846153846153,12,2.3076923076923075,29,5.576923076923077,30,5.769230769230769,30,5.769230769230769,28,5.384615384615385,13,2.5,26,5.0,31,5.961538461538462,45,8.653846153846153,10,1.9230769230769231,30,5.769230769230769,23,4.423076923076923,16,3.076923076923077,25,4.8076923076923075,38,7.3076923076923075,32,6.153846153846154,34,6.538461538461538,3,0.5769230769230769,20,3.8461538461538463,58128.3896,6.513430213928221,18.31212414117269,-2.4195758683344124,-14.637860191578142,0.3096153846153846,0.2846153846153846,0.36538461538461536,Sheet,0.10192307692307692,35.31424999999999,Stable,-0.24461538461538462,0.017153846153846162,0.3754230769230769,0.7255,46300,47050,56,59,-3,0.22115384615384615,276,244,0.5307692307692308,53,0.10192307692307692,150,0.28846153846153844,80.86538461538463,12,0.023076923076923078,6,4,90,Aromatic-rich Protein
83,P47929,LEG7_HUMAN,Galectin-7,MSNVPHKSSLPEGIRPGTVLRIRGLVPPNASRFHVNLLCGEEQGSDAALHFNPRLDTSEVVFNSKEQGSWGREERGPGVPFQRGQPFEVLIIASDDGFKAVVGDAQYHHFRHRLPLARVRLVEVGGDVQLDSVRIF,Protein_38,MSNVPHKSSLPEGIRPGTVLRIRGLVPPNASRFHVNLLCGEEQGSDAALHFNPRLDTSEVVFNSKEQGSWGREERGPGVPFQRGQPFEVLIIASDDGFKAVVGDAQYHHFRHRLPLARVRLVEVGGDVQLDSVRIF,136,136,7,5.147058823529412,1,0.7352941176470589,7,5.147058823529412,9,6.617647058823529,8,5.882352941176471,14,10.294117647058824,6,4.411764705882353,5,3.676470588235294,3,2.2058823529411766,12,8.823529411764707,1,0.7352941176470589,5,3.676470588235294,10,7.352941176470588,6,4.411764705882353,13,9.558823529411764,10,7.352941176470588,2,1.4705882352941178,15,11.029411764705882,1,0.7352941176470589,1,0.7352941176470589,15074.861,7.024185371398924,8.140510858304404,0.04251230861164146,-1.8606621620055481,0.23529411764705885,0.3382352941176471,0.3235294117647059,Turn,0.07352941176470588,37.533823529411755,Stable,-0.3426470588235294,-0.02977941176470586,0.3433823529411764,0.7273529411764706,6990,6990,16,16,0,0.23529411764705882,63,73,0.4632352941176471,10,0.07352941176470588,39,0.2867647058823529,85.88235294117646,1,0.007352941176470588,0,1,13,Globular Protein
84,O54974,LEG7_MOUSE,Galectin-7,MSATHHKTSLPQGVRVGTVMRIRGLVPDQAGRFHVNLLCGEEQGADAALHFNPRLDTSEVVFNTKQQGKWGREERGTGIPFQRGQPFEVLLIATEEGFKAVVGDDEYLHFHHRLPPARVRLVEVGGDVQLHSLNIF,Protein_39,MSATHHKTSLPQGVRVGTVMRIRGLVPDQAGRFHVNLLCGEEQGADAALHFNPRLDTSEVVFNTKQQGKWGREERGTGIPFQRGQPFEVLLIATEEGFKAVVGDDEYLHFHHRLPPARVRLVEVGGDVQLHSLNIF,136,136,8,5.882352941176471,1,0.7352941176470589,6,4.411764705882353,10,7.352941176470588,8,5.882352941176471,15,11.029411764705882,8,5.882352941176471,4,2.9411764705882355,4,2.9411764705882355,13,9.558823529411764,2,1.4705882352941178,4,2.9411764705882355,7,5.147058823529412,8,5.882352941176471,11,8.088235294117647,4,2.9411764705882355,7,5.147058823529412,14,10.294117647058824,1,0.7352941176470589,1,0.7352941176470589,15173.0272,6.702874565124512,9.069914034108107,-0.7824286150448145,-2.947648125049655,0.2720588235294118,0.2647058823529412,0.35294117647058826,Sheet,0.07352941176470588,30.49779411764705,Stable,-0.34485294117647064,-0.00911764705882351,0.35205882352941176,0.7306617647058824,6990,6990,15,16,-1,0.22794117647058823,64,72,0.47058823529411764,10,0.07352941176470588,39,0.2867647058823529,84.48529411764706,1,0.007352941176470588,0,0,12,Globular Protein
89,E0UGD2,E0UGD2_GLOV7,Microviridin/marinostatin family tricyclic proteinase inhibitor,MSKNTGKQKEIKAVPFFARFLEEQAAQNETAPYQNTLKYPSDWEDY,Protein_40,MSKNTGKQKEIKAVPFFARFLEEQAAQNETAPYQNTLKYPSDWEDY,46,46,5,10.869565217391305,0,0.0,2,4.3478260869565215,5,10.869565217391305,3,6.521739130434782,1,2.1739130434782608,0,0.0,1,2.1739130434782608,5,10.869565217391305,2,4.3478260869565215,1,2.1739130434782608,3,6.521739130434782,3,6.521739130434782,4,8.695652173913043,1,2.1739130434782608,2,4.3478260869565215,3,6.521739130434782,1,2.1739130434782608,1,2.1739130434782608,3,6.521739130434782,5413.9353,5.144690513610839,0.32540169873347136,-1.4913534886049238,-2.7182038347590787,0.3913043478260869,0.2391304347826087,0.30434782608695654,Helix,0.15217391304347827,52.478260869565204,Unstable,-1.1108695652173914,-0.16217391304347825,0.19956521739130434,0.6906521739130435,9970,9970,6,7,-1,0.2826086956521739,28,18,0.6086956521739131,7,0.15217391304347827,9,0.1956521739130435,42.608695652173914,0,0.0,0,1,8,Acidic Protein
91,Q2UNX8,LECF_ASPOR,Fucose-specific lectin,MSTPGAQEVLFRTGIAAVNSTNHLRVYFQDSHGSIRESLYESGWANGTAKNVIAKAKLGTPLAATSKELKNIRVYSLTEDNVLQEAAYDSGSGWYNGALAGAKFTVAPYSRIGSVFLAGTNALQLRIYAQKTDNTIQEYMWNGDGWKEGTNLGVALPGTGIGVTCWRYTDYDGPSIRVWFQTDNLKLVQRAYDPHTGWYKELTTIFDKAPPRCAIAATNFNPGKSSIYMRIYFVNSDNTIWQVCWDHGQGYHDKRTITPVIQGSEIAIISWEGPELRLYFQNGTYVSAISEWTWGKAHGSQLGRRALPPAE,Protein_41,MSTPGAQEVLFRTGIAAVNSTNHLRVYFQDSHGSIRESLYESGWANGTAKNVIAKAKLGTPLAATSKELKNIRVYSLTEDNVLQEAAYDSGSGWYNGALAGAKFTVAPYSRIGSVFLAGTNALQLRIYAQKTDNTIQEYMWNGDGWKEGTNLGVALPGTGIGVTCWRYTDYDGPSIRVWFQTDNLKLVQRAYDPHTGWYKELTTIFDKAPPRCAIAATNFNPGKSSIYMRIYFVNSDNTIWQVCWDHGQGYHDKRTITPVIQGSEIAIISWEGPELRLYFQNGTYVSAISEWTWGKAHGSQLGRRALPPAE,311,311,29,9.32475884244373,3,0.9646302250803859,13,4.180064308681672,14,4.501607717041801,9,2.8938906752411575,30,9.646302250803858,6,1.9292604501607717,20,6.430868167202572,14,4.501607717041801,21,6.752411575562701,3,0.9646302250803859,17,5.466237942122186,13,4.180064308681672,13,4.180064308681672,15,4.823151125401929,21,6.752411575562701,25,8.038585209003216,16,5.144694533762058,12,3.8585209003215435,17,5.466237942122186,34540.323,8.288265037536622,12.170357880089227,2.021731456913205,-3.3169447001729466,0.2604501607717042,0.3022508038585209,0.3858520900321543,Sheet,0.12218649517684887,28.55852090032154,Stable,-0.3639871382636656,0.05135048231511255,0.3945659163987138,0.7245659163987138,91330,91455,29,27,2,0.18006430868167203,158,153,0.5080385852090032,38,0.12218649517684887,86,0.2765273311897106,75.65916398713826,3,0.00964630225080386,1,3,63,Aromatic-rich Protein
92,Q00022,ABL_AGABI,Agaricus bisporus lectin,MTYTISIRVYQTTPKGFFRPVERTNWKYANGGTWDEVRGEYVLTMGGSGTSGSLRFVSSDTDESFVATFGVHNYKRWCDIVTNLTNEQTALVINQEYYGVPIRDQARENQLTSYNVANAKGRRFAIEYTVTEGDNLKANLIIG,Protein_42,MTYTISIRVYQTTPKGFFRPVERTNWKYANGGTWDEVRGEYVLTMGGSGTSGSLRFVSSDTDESFVATFGVHNYKRWCDIVTNLTNEQTALVINQEYYGVPIRDQARENQLTSYNVANAKGRRFAIEYTVTEGDNLKANLIIG,143,143,8,5.594405594405594,1,0.6993006993006993,6,4.195804195804196,9,6.293706293706293,6,4.195804195804196,13,9.090909090909092,1,0.6993006993006993,8,5.594405594405594,5,3.4965034965034967,7,4.895104895104895,2,1.3986013986013985,11,7.6923076923076925,3,2.097902097902098,5,3.4965034965034967,10,6.993006993006993,8,5.594405594405594,16,11.188811188811188,12,8.391608391608392,3,2.097902097902098,9,6.293706293706293,16184.816799999999,6.580898094177246,3.5134655108136172,-0.40443940389114275,-2.77153769538468,0.21678321678321677,0.2867132867132867,0.42657342657342656,Sheet,0.12587412587412586,27.059440559440553,Stable,-0.47342657342657346,-0.02706293706293705,0.3255244755244755,0.722937062937063,29910,29910,15,15,0,0.2097902097902098,81,62,0.5664335664335665,18,0.1258741258741259,35,0.24475524475524477,70.83916083916084,1,0.006993006993006993,0,1,33,Aromatic-rich Protein
94,P16030,LEC_BAUPU,Lectin,MLLYNSKSYVLQLIFITLLLTQLNKVKSTSSTLTGFTFPNFWSNTQENGTEIIFLGNATYTPGALRLTRIGEDGIPLKSNAGQASYSRPVFLWDSTGHVASFYTSFSFIVRSIDVPHITADGFAFFLAPVDSSVKDYGGCLGLFRYKTATDPSKNQVVAVEFDTWPNTEWSDLRYPHIGINVNSTVSVATTRWDNDDAYVTKSTAHITYDATSKIITVLLTYDNGRHYQLSHVVDLPKILPERVRIGFSGGTGFNETQYILSWSFTSTLNSTKISALTQKLRSSASYSSM,Protein_43,MLLYNSKSYVLQLIFITLLLTQLNKVKSTSSTLTGFTFPNFWSNTQENGTEIIFLGNATYTPGALRLTRIGEDGIPLKSNAGQASYSRPVFLWDSTGHVASFYTSFSFIVRSIDVPHITADGFAFFLAPVDSSVKDYGGCLGLFRYKTATDPSKNQVVAVEFDTWPNTEWSDLRYPHIGINVNSTVSVATTRWDNDDAYVTKSTAHITYDATSKIITVLLTYDNGRHYQLSHVVDLPKILPERVRIGFSGGTGFNETQYILSWSFTSTLNSTKISALTQKLRSSASYSSM,290,290,16,5.517241379310345,1,0.3448275862068966,15,5.172413793103448,7,2.413793103448276,17,5.862068965517241,18,6.206896551724138,6,2.0689655172413794,18,6.206896551724138,12,4.137931034482759,27,9.310344827586206,2,0.6896551724137931,15,5.172413793103448,11,3.793103448275862,8,2.7586206896551726,11,3.793103448275862,34,11.724137931034482,33,11.379310344827585,19,6.551724137931035,6,2.0689655172413794,14,4.827586206896552,32237.891600000003,7.80913600921631,9.507611295344464,1.0238994500059633,-2.85863076560835,0.2206896551724138,0.32068965517241377,0.46206896551724136,Sheet,0.12758620689655173,33.7986551724138,Stable,-0.08827586206896554,0.10682758620689656,0.4618965517241379,0.7304482758620691,53860,53860,23,22,1,0.15517241379310345,156,134,0.5379310344827586,37,0.12758620689655173,80,0.27586206896551724,85.03448275862068,1,0.0034482758620689655,0,5,81,Beta-sheet Protein
98,Q7Y041,Q7Y041_HIPVI,Agglutinin,MAKTSFLIVVAAIVLGVITPSCLSDNILYSGETLSAGESLNYGPYTFIMQQDCNLVLYDVDKPIWASNTGGLARGCHLSMQSDGNLVVYSPSGNRPIWASNTQGENGNYVCIVQKDRNVVIYGTARWATGTYTGTVGISGFATGMAGIIKSVTDKSAK,Protein_44,MAKTSFLIVVAAIVLGVITPSCLSDNILYSGETLSAGESLNYGPYTFIMQQDCNLVLYDVDKPIWASNTGGLARGCHLSMQSDGNLVVYSPSGNRPIWASNTQGENGNYVCIVQKDRNVVIYGTARWATGTYTGTVGISGFATGMAGIIKSVTDKSAK,158,158,12,7.594936708860759,4,2.5316455696202533,7,4.430379746835443,3,1.8987341772151898,3,1.8987341772151898,18,11.39240506329114,1,0.6329113924050633,12,7.594936708860759,6,3.7974683544303796,11,6.962025316455696,4,2.5316455696202533,10,6.329113924050633,5,3.1645569620253164,5,3.1645569620253164,4,2.5316455696202533,15,9.49367088607595,13,8.227848101265822,14,8.860759493670885,3,1.8987341772151898,8,5.063291139240507,16742.8525,6.527355766296386,2.2948263931262325,-0.44982438568758276,-4.265701567542063,0.22784810126582278,0.34810126582278483,0.4050632911392405,Sheet,0.08860759493670886,17.627848101265805,Stable,0.1310126582278481,0.17962025316455696,0.46898734177215184,0.7364556962025316,28420,28670,10,10,0,0.12658227848101267,76,82,0.4810126582278481,14,0.08860759493670886,49,0.310126582278481,90.0632911392405,4,0.02531645569620253,2,0,36,Membrane Protein
107,Q8X123,Q8X123_9AGAR,Agglutinin,MSLRRGIYHIENAGVPSAIDLKDGSSSDGTPIVGWQFTPDTINWHQLWLAEPIPNVADTFTLCNLFSGTYMDLYNGSSEAGTAVNGWQGTAFTTNPHQLWTIKKSSDGTSYKIQNYGSKTFVDLVNGDSSDGAKIAGWTGTWDEGNPHQKWYFNRMSVSSAEAQAAIARNPHIHGTYRGYILDGEYLVLPNATFTQIWKDSGLPGSKWREQIYDCDDFAIAMKAAVGKWGADSWKANGFAIFCGVMLGVNKAGDAAHAYNFTLTKDHADIVFFEPQNGGYLNDIGYDSYMAFY,Protein_45,MSLRRGIYHIENAGVPSAIDLKDGSSSDGTPIVGWQFTPDTINWHQLWLAEPIPNVADTFTLCNLFSGTYMDLYNGSSEAGTAVNGWQGTAFTTNPHQLWTIKKSSDGTSYKIQNYGSKTFVDLVNGDSSDGAKIAGWTGTWDEGNPHQKWYFNRMSVSSAEAQAAIARNPHIHGTYRGYILDGEYLVLPNATFTQIWKDSGLPGSKWREQIYDCDDFAIAMKAAVGKWGADSWKANGFAIFCGVMLGVNKAGDAAHAYNFTLTKDHADIVFFEPQNGGYLNDIGYDSYMAFY,293,293,28,9.556313993174061,3,1.023890784982935,22,7.508532423208191,8,2.7303754266211606,14,4.778156996587031,31,10.580204778156997,8,2.7303754266211606,18,6.143344709897611,14,4.778156996587031,16,5.460750853242321,6,2.04778156996587,18,6.143344709897611,11,3.7542662116040955,10,3.4129692832764507,6,2.04778156996587,21,7.167235494880546,20,6.825938566552901,12,4.09556313993174,12,4.09556313993174,15,5.1194539249146755,32300.454799999996,5.14128017425537,1.2438558181999255,-9.81384536862776,-15.124348147004422,0.24573378839590446,0.3515358361774744,0.3651877133105802,Sheet,0.13993174061433447,28.9256313993174,Stable,-0.34334470989761096,0.10542662116040956,0.4086006825938567,0.7267918088737201,88350,88475,20,30,-10,0.17064846416382254,145,148,0.4948805460750853,41,0.13993174061433447,74,0.2525597269624573,66.68941979522185,3,0.010238907849829351,1,3,56,Aromatic-rich Protein
111,Q7Z8V1,Q7Z8V1_9APHY,Hemolytic lectin LSLa,MTDIYIPPEGLYFRLLGFASRQVIFARNSPSPDVGLSPVNDQATDQYFSLIYGTGEHAGLYAIKSKATGKVLFSRRPAEPYVGQIDGDGRYPDNWFKIEPGKTYLSKYFRLVQPSTGTALVSRTHLQPYFWNHPQTEVFDDQYFTFLFEDMSIDKIEYDLKDGRILSSTPNVLATQTLENTSSQTQEMSFNLSQTLTQTSTFAYTAGFTIAVGTAFKAGVPIFAETEFKVDISVDNQWNWGEENTFSKTYTATFSVRAGPGETVKAVSTVDSGIINVPFTAYLSSKSTGFEVTTEGIWRGVSSWDLRHTLTSVTA,Protein_46,MTDIYIPPEGLYFRLLGFASRQVIFARNSPSPDVGLSPVNDQATDQYFSLIYGTGEHAGLYAIKSKATGKVLFSRRPAEPYVGQIDGDGRYPDNWFKIEPGKTYLSKYFRLVQPSTGTALVSRTHLQPYFWNHPQTEVFDDQYFTFLFEDMSIDKIEYDLKDGRILSSTPNVLATQTLENTSSQTQEMSFNLSQTLTQTSTFAYTAGFTIAVGTAFKAGVPIFAETEFKVDISVDNQWNWGEENTFSKTYTATFSVRAGPGETVKAVSTVDSGIINVPFTAYLSSKSTGFEVTTEGIWRGVSSWDLRHTLTSVTA,315,315,20,6.349206349206349,0,0.0,17,5.396825396825397,16,5.079365079365079,22,6.984126984126984,23,7.301587301587301,4,1.2698412698412698,16,5.079365079365079,13,4.126984126984127,21,6.666666666666667,3,0.9523809523809523,11,3.492063492063492,16,5.079365079365079,14,4.444444444444445,12,3.8095238095238093,29,9.206349206349206,36,11.428571428571429,21,6.666666666666667,6,1.9047619047619047,15,4.761904761904762,35095.7024,5.086089515686035,0.8778647982668843,-8.115020258663627,-11.543080023883796,0.23174603174603176,0.3047619047619048,0.43492063492063493,Sheet,0.1365079365079365,33.75619047619048,Stable,-0.2707936507936508,0.07346031746031746,0.4112063492063492,0.7237142857142858,55350,55350,25,33,-8,0.18412698412698414,167,148,0.5301587301587302,43,0.1365079365079365,78,0.24761904761904763,71.4920634920635,0,0.0,0,2,80,Aromatic-rich Protein
112,G7SDG9,G7SDG9_STRSU,Laminin binding protein,MLKKVIRGCFVALFGFVLAACSAQKEASQVQPGMKIVTSFYPIYSLVKEVSGSKNDVRMIGSRQGIHSYEPSAADIKAIYDADVFIYHSRILESWAGRLEPNLQGSSVKVLEASTNLPLTKVPGLEDMEAGQGIDEASLYDPHTWLDPVLVGQEAVAIGELLAESDPKNADYYRQNAATLEEKAQKLADKYSPIFSKATSKTFVTQHTAFSYTAQRFGLKQLGIAGVSEEEPSPRQLAEIKEFVDTYNVQTIFTEKGASDKLAKALASSTGVDLKVLDPLEADPENNLTYLENLEQVLETLAQELK,Protein_47,MLKKVIRGCFVALFGFVLAACSAQKEASQVQPGMKIVTSFYPIYSLVKEVSGSKNDVRMIGSRQGIHSYEPSAADIKAIYDADVFIYHSRILESWAGRLEPNLQGSSVKVLEASTNLPLTKVPGLEDMEAGQGIDEASLYDPHTWLDPVLVGQEAVAIGELLAESDPKNADYYRQNAATLEEKAQKLADKYSPIFSKATSKTFVTQHTAFSYTAQRFGLKQLGIAGVSEEEPSPRQLAEIKEFVDTYNVQTIFTEKGASDKLAKALASSTGVDLKVLDPLEADPENNLTYLENLEQVLETLAQELK,306,306,32,10.457516339869281,2,0.6535947712418301,16,5.228758169934641,26,8.49673202614379,11,3.5947712418300655,18,5.882352941176471,4,1.3071895424836601,15,4.901960784313726,22,7.189542483660131,32,10.457516339869281,4,1.3071895424836601,9,2.9411764705882355,14,4.57516339869281,16,5.228758169934641,8,2.6143790849673203,25,8.169934640522875,16,5.228758169934641,22,7.189542483660131,2,0.6535947712418301,12,3.9215686274509802,33546.5946,4.932226371765136,-1.024573449423471,-12.113792386463377,-17.084267955050926,0.3790849673202615,0.2679738562091503,0.35947712418300654,Helix,0.08169934640522876,27.36637254901961,Stable,-0.21176470588235294,0.04937908496732027,0.3525816993464052,0.7178104575163399,28880,29005,30,42,-12,0.23529411764705882,156,150,0.5098039215686274,25,0.08169934640522876,101,0.3300653594771242,91.20915032679738,2,0.006535947712418301,1,1,53,Highly Stable Protein
118,P84871,LEC1_HYPMC,Lectin-1,QKFCTLDIAPVCCQIVIGGGMYTAGNACMCEGFVSGVGRCENPKECPCTREAQIPSCCSSRWGLVSVTGKCACDCLGGTVAFPEPCPSPY,Protein_48,QKFCTLDIAPVCCQIVIGGGMYTAGNACMCEGFVSGVGRCENPKECPCTREAQIPSCCSSRWGLVSVTGKCACDCLGGTVAFPEPCPSPY,90,90,6,6.666666666666667,14,15.555555555555555,2,2.2222222222222223,5,5.555555555555555,3,3.3333333333333335,11,12.222222222222221,0,0.0,4,4.444444444444445,3,3.3333333333333335,3,3.3333333333333335,2,2.2222222222222223,2,2.2222222222222223,8,8.88888888888889,3,3.3333333333333335,3,3.3333333333333335,6,6.666666666666667,5,5.555555555555555,7,7.777777777777778,1,1.1111111111111112,2,2.2222222222222223,9364.854000000001,5.148441886901854,0.3307803193352443,-1.367243420146103,-9.4267221240971,0.2111111111111111,0.32222222222222224,0.2777777777777778,Turn,0.06666666666666667,72.77444444444444,Unstable,0.22888888888888886,0.14922222222222223,0.5608888888888889,0.7491111111111112,8480,9355,6,7,-1,0.14444444444444443,45,45,0.5,6,0.06666666666666667,20,0.2222222222222222,59.555555555555564,14,0.15555555555555556,7,0,13,Membrane Protein
137,O00214,LEG8_HUMAN,Galectin-8,MMLSLNNLQNIIYNPVIPFVGTIPDQLDPGTLIVIRGHVPSDADRFQVDLQNGSSMKPRADVAFHFNPRFKRAGCIVCNTLINEKWGREEITYDTPFKREKSFEIVIMVLKDKFQVAVNGKHTLLYGHRIGPEKIDTLGIYGKVNIHSIGFSFSSDLQSTQASSLELTEISRENVPKSGTPQLRLPFAARLNTPMGPGRTVVVKGEVNANAKSFNVDLLAGKSKDIALHLNPRLNIKAFVRNSFLQESWGEEERNITSFPFSPGMYFEMIIYCDVREFKVAVNGVHSLEYKHRFKELSSIDTLEINGDIHLLEVRSW,Protein_49,MMLSLNNLQNIIYNPVIPFVGTIPDQLDPGTLIVIRGHVPSDADRFQVDLQNGSSMKPRADVAFHFNPRFKRAGCIVCNTLINEKWGREEITYDTPFKREKSFEIVIMVLKDKFQVAVNGKHTLLYGHRIGPEKIDTLGIYGKVNIHSIGFSFSSDLQSTQASSLELTEISRENVPKSGTPQLRLPFAARLNTPMGPGRTVVVKGEVNANAKSFNVDLLAGKSKDIALHLNPRLNIKAFVRNSFLQESWGEEERNITSFPFSPGMYFEMIIYCDVREFKVAVNGVHSLEYKHRFKELSSIDTLEINGDIHLLEVRSW,317,317,14,4.416403785488959,3,0.9463722397476341,15,4.73186119873817,20,6.309148264984227,19,5.993690851735016,21,6.624605678233438,9,2.8391167192429023,25,7.886435331230284,19,5.993690851735016,28,8.832807570977918,7,2.2082018927444795,21,6.624605678233438,17,5.3627760252365935,9,2.8391167192429023,18,5.678233438485805,24,7.570977917981073,14,4.416403785488959,24,7.570977917981073,3,0.9463722397476341,7,2.2082018927444795,35807.6716,8.334746742248537,16.08136357551189,2.3020860409234274,-2.8623951488103145,0.277602523659306,0.3091482649842271,0.37854889589905366,Sheet,0.0914826498422713,30.146687697160893,Stable,-0.21735015772870664,0.02561514195583597,0.4009463722397476,0.727570977917981,26930,27055,37,35,2,0.22712933753943218,159,158,0.501577287066246,29,0.0914826498422713,91,0.2870662460567823,91.57728706624606,3,0.00946372239747634,1,2,45,Globular Protein
138,B3VS76,B3VS76_COPCI,Mucin-binding lectin 1,MAIFHTGSELFIITRGPGKLTLLTWGGLNNLRSVIGAIPTENTGVTKWAVSFSHNYTRFSFIWEGQGEACYQIGNGLTRSPVGRSWSSSSTIHWGSSTVITEDVTSVVPGAVNRDKVTTAYALPDNL,Protein_50,MAIFHTGSELFIITRGPGKLTLLTWGGLNNLRSVIGAIPTENTGVTKWAVSFSHNYTRFSFIWEGQGEACYQIGNGLTRSPVGRSWSSSSTIHWGSSTVITEDVTSVVPGAVNRDKVTTAYALPDNL,127,127,7,5.511811023622047,1,0.7874015748031497,3,2.3622047244094486,5,3.937007874015748,5,3.937007874015748,14,11.023622047244094,3,2.3622047244094486,9,7.086614173228346,3,2.3622047244094486,9,7.086614173228346,1,0.7874015748031497,7,5.511811023622047,5,3.937007874015748,2,1.5748031496062993,6,4.724409448818897,14,11.023622047244094,15,11.811023622047244,10,7.874015748031496,5,3.937007874015748,3,2.3622047244094486,13733.277100000001,7.948838996887207,5.14184164896966,0.7633368494976693,-1.0385071935413048,0.19685039370078738,0.33858267716535434,0.4409448818897638,Sheet,0.10236220472440945,33.948818897637786,Stable,-0.0299212598425197,0.14503937007874018,0.47141732283464566,0.7355118110236221,31970,31970,9,8,1,0.13385826771653545,62,65,0.4881889763779528,13,0.10236220472440945,35,0.2755905511811024,83.62204724409447,1,0.007874015748031496,0,1,32,Aromatic-rich Protein
146,P58908,LECA_MACBI,Lectin alpha chain,ADTIVAVELDSYPNTDIGDPNYPHIGIDIKSIRSKSTARWNMQTGKVGTVHISYNSVAKRLSAVVSYTGSSSTTVSYDVDLNNVLPEWVRVGLSATTGLYKETNTILSWSFTSKLKTNSIADANSLHFTFNQFSQNPKDLILQGDATTDSDGNLELTKVSSSGDPQGNSVGRALFYAPVHIWEKSAVVASFDATFTFLIKSPDRDPADGITFFIANPDTSIPSGSGGRLLGLFPDAN,Protein_51,ADTIVAVELDSYPNTDIGDPNYPHIGIDIKSIRSKSTARWNMQTGKVGTVHISYNSVAKRLSAVVSYTGSSSTTVSYDVDLNNVLPEWVRVGLSATTGLYKETNTILSWSFTSKLKTNSIADANSLHFTFNQFSQNPKDLILQGDATTDSDGNLELTKVSSSGDPQGNSVGRALFYAPVHIWEKSAVVASFDATFTFLIKSPDRDPADGITFFIANPDTSIPSGSGGRLLGLFPDAN,237,237,17,7.172995780590718,0,0.0,19,8.016877637130802,5,2.109704641350211,11,4.641350210970464,17,7.172995780590718,4,1.6877637130801688,15,6.329113924050633,11,4.641350210970464,18,7.594936708860759,1,0.4219409282700422,15,6.329113924050633,12,5.063291139240507,5,2.109704641350211,7,2.9535864978902953,30,12.658227848101266,22,9.282700421940929,17,7.172995780590718,4,1.6877637130801688,7,2.9535864978902953,25490.9545,5.104562187194824,0.6684933822168553,-5.838133908686487,-8.601735040628217,0.21940928270042195,0.3924050632911393,0.3966244725738397,Sheet,0.09282700421940929,30.043502109704647,Stable,-0.20548523206751057,0.0759915611814346,0.37147679324894517,0.7207594936708861,32430,32430,18,24,-6,0.17721518987341772,125,112,0.5274261603375527,22,0.09282700421940929,67,0.28270042194092826,82.27848101265825,0,0.0,0,0,59,Globular Protein
